"id","name","role","gender","groupName","price","url","thumbnailUrl","color1","color2","color3","colorSource"
"10351623081","[PARKSON] Women's Rose Red Formal Suit (Top)","top","feminine","Parkson & Co. Tailors","10","https://www.roblox.com/catalog/10351623081","https://tr.rbxcdn.com/180DAY-a84691276dbdf66f805932f2ba80593c/420/420/Shirt/Png/noFilter","#7A2325","#8B807E","#864C4C","self"
"10351644702","[PARKSON] Women's Rose Red Formal Suit (Bottom)","bottom","feminine","Parkson & Co. Tailors","10","https://www.roblox.com/catalog/10351644702",,,,,"pair-top"
"7760761751","SA │ WW1 GB Red Cross Nurses Uniform V1","bottom","feminine","Style Abby","7","https://www.roblox.com/catalog/7760761751",,,,,"pair-top"
"7760770849","SA │ WW1 GB Red Cross Nurses Uniform V1","top","feminine","Style Abby","7","https://www.roblox.com/catalog/7760770849","https://tr.rbxcdn.com/180DAY-e2fcb5f346c3239092fdaac822bb1540/420/420/Shirt/Png/noFilter","#616A78","#838892","#E7E6E2","self"
"103221413375825","SA | 50's Lady à Pois","bottom","feminine","Style Abby","7","https://www.roblox.com/catalog/103221413375825",,,,,"pair-top"
"70408042866872","SA | 50's Lady à Pois","top","feminine","Style Abby","7","https://www.roblox.com/catalog/70408042866872","https://tr.rbxcdn.com/180DAY-6ea6cc7a029e4c59f85fc1c8f6894463/420/420/Shirt/Png/noFilter","#818482","#354463","#51607E","self"
"5808816943","1950s Tied Poolside Shirt [W]","top","feminine","Style Abby","7","https://www.roblox.com/catalog/5808816943","https://tr.rbxcdn.com/180DAY-78cd49d8bdd5819ebda5fb11912eb6d6/420/420/Shirt/Png/noFilter","#858481","#EEEDEC","#5C5C5A","self"
"14696975262","SA | Edwardian Lace Bow Evening Gown","bottom","feminine","Style Abby","7","https://www.roblox.com/catalog/14696975262",,,,,"pair-top"
"8165737732","SA │ WW1 Taffeta Ruffle Frock (White)","bottom","feminine","Style Abby","7","https://www.roblox.com/catalog/8165737732",,,,,"pair-top"
"5325545623","1910s Maid Uniform [W] [T]","top","feminine","Style Abby","7","https://www.roblox.com/catalog/5325545623","https://tr.rbxcdn.com/180DAY-859a4656b9d153d49887032cac7d40e5/420/420/Shirt/Png/noFilter","#2A2A2A","#838380","#4F4F4F","self"
"7970855205","SA │ WW1 ""Prince Albert"" Frock (Silver)","bottom","feminine","Style Abby","7","https://www.roblox.com/catalog/7970855205",,,,,"pair-top"
"75301841968578","SA | Tied Silk Tea Gown Sleeves (With Gloves)","top","feminine","Style Abby","7","https://www.roblox.com/catalog/75301841968578","https://tr.rbxcdn.com/180DAY-0792c427d464ae75894dbfb570482675/420/420/Shirt/Png/noFilter","#868582","#E7E6E4","#5C5C5A","self"
"5220645433","1910s Morning Stroll Dress [W] [T]","top","feminine","Style Abby","7","https://www.roblox.com/catalog/5220645433","https://tr.rbxcdn.com/180DAY-53d179362a83588eabd674b8b9a18e54/420/420/Shirt/Png/noFilter","#A59987","#7D7B77","#E5D5C0","self"
"7014538294","SA │ 60's Bedazzled Gown (Ivory)","bottom","feminine","Style Abby","7","https://www.roblox.com/catalog/7014538294","https://tr.rbxcdn.com/180DAY-d2ab32a3209dba7950532eb2dfb7896f/420/420/Pants/Png/noFilter","#888782","#E8E7E2","#5C5C5A","self"
"9482591143","SA | WW1 Beaded Beauty Evening Gown (Noir)","bottom","feminine","Style Abby","7","https://www.roblox.com/catalog/9482591143",,,,,"pair-top"
"5234278600","1910s Golden Rose Evening Gown w/ Gloves [W] [T]","top","feminine","Style Abby","10","https://www.roblox.com/catalog/5234278600","https://tr.rbxcdn.com/180DAY-bae8e4718124f2b1c5c584eda0d0f2ad/420/420/Shirt/Png/noFilter","#713828","#85817C","#1B1B1B","self"
"5773313449","1950s Pearl Sash Evening Gown [W] [B]","bottom","feminine","Style Abby","7","https://www.roblox.com/catalog/5773313449",,,,,"pair-top"
"11822611317","SA | Edwardian Velvet Lined Cavat Frock","top","feminine","Style Abby","7","https://www.roblox.com/catalog/11822611317","https://tr.rbxcdn.com/180DAY-d963df7c66bc1366662cd496fea5a9eb/420/420/Shirt/Png/noFilter","#202A1F","#83837F","#5D5E57","self"
"7760769005","SA │ WW1 GB Red Cross Nurses Uniform V2","top","feminine","Style Abby","7","https://www.roblox.com/catalog/7760769005","https://tr.rbxcdn.com/180DAY-7aba9a08472492e444486df7327b6673/420/420/Shirt/Png/noFilter","#636B77","#8F8083","#E8E7E3","self"
"4513677294","1900s Sage Decorated Evening Gown [W] [B]","bottom","feminine","Style Abby","7","https://www.roblox.com/catalog/4513677294",,,,,"pair-top"
"14696974077","SA | Edwardian Lace Bow Evening Gown","top","feminine","Style Abby","7","https://www.roblox.com/catalog/14696974077","https://tr.rbxcdn.com/180DAY-df8b69b165906fb7f5ba7bc3a5726914/420/420/Shirt/Png/noFilter","#171717","#85827E","#E6DFD7","self"
"5234169553","1910s Golden Rose Evening Gown [W] [B]","bottom","feminine","Style Abby","10","https://www.roblox.com/catalog/5234169553",,,,,"pair-top"
"5234098328","1910s Blue Day Coat [W] [B]","bottom","feminine","Style Abby","7","https://www.roblox.com/catalog/5234098328",,,,,"pair-top"
"11822573333","SA |  Edwardian Velvet Lined Cavat Frock","bottom","feminine","Style Abby","7","https://www.roblox.com/catalog/11822573333",,,,,"pair-top"
"5770034661","1950s Rose Petal Daydress w Gloves [W] [T]","top","feminine","Style Abby","7","https://www.roblox.com/catalog/5770034661","https://tr.rbxcdn.com/180DAY-e7e8801150f3f333b641ad13da86f707/420/420/Shirt/Png/noFilter","#858481","#F1E8E8","#5C5C5A","self"
"5770024215","1950s Tweed Tan Coat [W] [B]","bottom","feminine","Style Abby","7","https://www.roblox.com/catalog/5770024215",,,,,"pair-top"
"7014537122","SA │ 60's Metallic Lace Gown (Gold)","bottom","feminine","Style Abby","7","https://www.roblox.com/catalog/7014537122","https://tr.rbxcdn.com/180DAY-1c2cd5dc4ad5c35fa5227a149628efd5/420/420/Pants/Png/noFilter","#A58A75","#E9E5DF","#787875","self"
"9801387415","SA | WW1 Lace Chemise","bottom","feminine","Style Abby","7","https://www.roblox.com/catalog/9801387415","https://tr.rbxcdn.com/180DAY-6669e80543d127fe8bb26f3dddd30ed0/420/420/Pants/Png/noFilter","#858481","#E8E7E3","#5C5C5A","self"
"4629391335","1900s Yellow Walking Ensemble [W] [T]","top","feminine","Style Abby","7","https://www.roblox.com/catalog/4629391335","https://tr.rbxcdn.com/180DAY-db1321a497f9e8f95758540d90ebaaef/420/420/Shirt/Png/noFilter","#A1977D","#CCBDA0","#797874","self"
"5770025258","1950s White Pleated Skirt [W]","bottom","feminine","Style Abby","7","https://www.roblox.com/catalog/5770025258","https://tr.rbxcdn.com/180DAY-a4fe98d2fbcb23f0fc9c9b11b79347c5/420/420/Pants/Png/noFilter","#858481","#E8E7E2","#5C5C5A","self"
"5325547108","1910s Maid Uniform [W] [B]","bottom","feminine","Style Abby","7","https://www.roblox.com/catalog/5325547108",,,,,"pair-top"
"5306534105","1910s Draped Emerald Evening Gown [W] [B]","bottom","feminine","Style Abby","20","https://www.roblox.com/catalog/5306534105",,,,,"pair-top"
"10627437396","SA | 60's Dreams of Ivory Gown","top","feminine","Style Abby","7","https://www.roblox.com/catalog/10627437396","https://tr.rbxcdn.com/180DAY-a435790944329c9cee5d11da521c7a34/420/420/Shirt/Png/noFilter","#141414","#838380","#E8E7E2","self"
"6097688972","1910s Mustard Bowtied Coat w Gloves [W] [T]","top","feminine","Style Abby","7","https://www.roblox.com/catalog/6097688972","https://tr.rbxcdn.com/180DAY-58a9fbfc5c59a029c1076cbcfa34fb46/420/420/Shirt/Png/noFilter","#9D8155","#868580","#D5B276","self"
"8165717937","SA │ WW1 Taffeta Ruffle Frock (Blue)","bottom","feminine","Style Abby","7","https://www.roblox.com/catalog/8165717937",,,,,"pair-top"
"8165757003","SA │ WW1 Taffeta Ruffle Frock (Blue)","top","feminine","Style Abby","7","https://www.roblox.com/catalog/8165757003","https://tr.rbxcdn.com/180DAY-8161804e416ad9a46a0fc95e3a830503/420/420/Shirt/Png/noFilter","#7A8088","#A2ABB9","#E7E6E2","self"
"10627431391","SA | 60's Dreams of Ivory Gown","bottom","feminine","Style Abby","7","https://www.roblox.com/catalog/10627431391",,,,,"pair-top"
"4941900133","1930s White Draped Gown [W] [T]","top","feminine","Style Abby","10","https://www.roblox.com/catalog/4941900133","https://tr.rbxcdn.com/180DAY-daf6068e063ec50aefefbf3de79a8b7c/420/420/Shirt/Png/noFilter","#858481","#ECEBE9","#5C5C5A","self"
"4560351742","1900s Embroidered Flower Tea Shirtwaist [W]","top","feminine","Style Abby","10","https://www.roblox.com/catalog/4560351742","https://tr.rbxcdn.com/180DAY-2e161189f7aa10c63a65911f494853f2/420/420/Shirt/Png/noFilter","#858481","#EAE9E9","#61615F","self"
"6536669912","1910s DeWitt Promenade Gown [T]","top","feminine","Style Abby","7","https://www.roblox.com/catalog/6536669912","https://tr.rbxcdn.com/180DAY-e6eeb1c20b0e89a9054b1401ebb164c7/420/420/Shirt/Png/noFilter","#242221","#85837B","#4F4D49","self"
"4513683402","1900s Sage Decorated Evening Gown [W] [T]","top","feminine","Style Abby","7","https://www.roblox.com/catalog/4513683402","https://tr.rbxcdn.com/180DAY-45e4b3ed328b64447b24361aa0bc3e22/420/420/Shirt/Png/noFilter","#444D49","#767A77","#252625","self"
"4382967049","1900s Decorated Promenade Dress [Blue] [W] [B]","bottom","feminine","Style Abby","10","https://www.roblox.com/catalog/4382967049",,,,,"pair-top"
"5220646766","1910s Morning Stroll Dress w/ Gloves [W] [T]","top","feminine","Style Abby","7","https://www.roblox.com/catalog/5220646766","https://tr.rbxcdn.com/180DAY-490c767fd68808393744b02a7f86d795/420/420/Shirt/Png/noFilter","#A59987","#7D7B77","#E5D5C0","self"
"4382998243","1900s Decorated Promenade Dress [Blue] [W] [T]","top","feminine","Style Abby","7","https://www.roblox.com/catalog/4382998243","https://tr.rbxcdn.com/180DAY-3da86fcaa097536d3b4485d8e83206cd/420/420/Shirt/Png/noFilter","#747D8E","#9FAAC5","#5A5B62","self"
"5770034670","1950s Tweed Tan Coat [W] [T]","top","feminine","Style Abby","7","https://www.roblox.com/catalog/5770034670","https://tr.rbxcdn.com/180DAY-4a6f9be4d38b2b6b34ed5cb0d7619894/420/420/Shirt/Png/noFilter","#7D6547","#87827D","#4B3322","self"
"105405901903529","SA | Tied Silk Tea Gown Sleeves","top","feminine","Style Abby","7","https://www.roblox.com/catalog/105405901903529","https://tr.rbxcdn.com/180DAY-aa18c61aedd3878ebaa8d6152370910b/420/420/Shirt/Png/noFilter","#858582","#E8E6E4","#5C5C5A","self"
"5220642267","1910s Morning Stroll Dress [W] [B]","bottom","feminine","Style Abby","7","https://www.roblox.com/catalog/5220642267",,,,,"pair-top"
"4941892466","1930s Dusty Pink Belted Daydress [W] [T]","top","feminine","Style Abby","7","https://www.roblox.com/catalog/4941892466","https://tr.rbxcdn.com/180DAY-6e96c294948042c999c1d59aaae39bf8/420/420/Shirt/Png/noFilter","#9E8B89","#E4C2C1","#787875","self"
"87783907756823","SA | 50's Lady à Pois w/ Gloves","top","feminine","Style Abby","7","https://www.roblox.com/catalog/87783907756823","https://tr.rbxcdn.com/180DAY-b071839ab3dad8b46d825e3bf50c41e3/420/420/Shirt/Png/noFilter","#828482","#354463","#51607E","self"
"8493821813","SA │ WW1 Striped Buttoned Skirt (Black 1)","bottom","feminine","Style Abby","7","https://www.roblox.com/catalog/8493821813","https://tr.rbxcdn.com/180DAY-45a496b3f763a0e0f3d35d9f01629e63/420/420/Pants/Png/noFilter","#1F1F1F","#838380","#5A5957","self"
"6097686459","1910s Mustard Bowtied Coat [W] [B]","bottom","feminine","Style Abby","7","https://www.roblox.com/catalog/6097686459",,,,,"pair-top"
"890318886","1960s White Blouse","top","feminine","Style Abby","6","https://www.roblox.com/catalog/890318886","https://tr.rbxcdn.com/180DAY-b9993b8d3438e946690a3d6d1af45077/420/420/Shirt/Png/noFilter","#868582","#EAEAEA","#5C5C5A","self"
"5234122929","1910s Blue Day Coat [W] [T]","top","feminine","Style Abby","7","https://www.roblox.com/catalog/5234122929","https://tr.rbxcdn.com/180DAY-9a98518f4917f3930946d1f04decb57e/420/420/Shirt/Png/noFilter","#6A7375","#8B9191","#2C2D2D","self"
"10301111128","SA | Silk Gown (Red)","bottom","feminine","Style Abby","7","https://www.roblox.com/catalog/10301111128","https://tr.rbxcdn.com/180DAY-ea1c7fbdaacebe3150188c3f3a1b2452/420/420/Pants/Png/noFilter","#48181A","#84807E","#E9E9E3","self"
"77744362199687","SA | Tied Silk Tea Gown (Mint)","bottom","feminine","Style Abby","7","https://www.roblox.com/catalog/77744362199687","https://tr.rbxcdn.com/180DAY-ff3b2fce56ad6095544a5f6c7b87b22e/420/420/Pants/Png/noFilter","#8D9F98","#E9E9E4","#797976","self"
"10301112998","SA | Silk Gown (Rust)","bottom","feminine","Style Abby","7","https://www.roblox.com/catalog/10301112998","https://tr.rbxcdn.com/180DAY-53d7fa27787794fa34f509333141f379/420/420/Pants/Png/noFilter","#531D15","#84807D","#E9E9E3","self"
"9482575646","SA | WW1 Beaded Beauty Evening Gown (Ivy)","top","feminine","Style Abby","7","https://www.roblox.com/catalog/9482575646","https://tr.rbxcdn.com/180DAY-be051b4585a3d5d959e05f0bfa491b7b/420/420/Shirt/Png/noFilter","#7F807C","#5D615C","#E9E8E3","self"
"5322107547","1910s Blue Striped Swimsuit [W] [B]","bottom","feminine","Style Abby","7","https://www.roblox.com/catalog/5322107547",,,,,"pair-top"
"5976088527","1910s Winter Blue Embroidered Frock [W] [T]","top","feminine","Style Abby","7","https://www.roblox.com/catalog/5976088527","https://tr.rbxcdn.com/180DAY-a43801bb28f82b36554cd844b3584031/420/420/Shirt/Png/noFilter","#828B8D","#B7C3C8","#E7E7E2","self"
"2189965181","1960s Iconic Bright Red Pencil Skirt [B]","bottom","feminine","Style Abby","10","https://www.roblox.com/catalog/2189965181","https://tr.rbxcdn.com/180DAY-97953a5ffc46ee7d9ed23633469decd7/420/420/Pants/Png/noFilter","#A32222","#8B8582","#E8E7E2","self"
"9842586635","SA | WW1 Silk Boudoir Gown (Sky)","top","feminine","Style Abby","7","https://www.roblox.com/catalog/9842586635","https://tr.rbxcdn.com/180DAY-cc979754696356ceb7b6d5bd781218c6/420/420/Shirt/Png/noFilter","#858B91","#C2CCD4","#ECEBE7","self"
"6097688997","1910s Red Bowtied Coat [W] [T]","top","feminine","Style Abby","7","https://www.roblox.com/catalog/6097688997","https://tr.rbxcdn.com/180DAY-829ac57c633ed75b8a1775f42d22d63f/420/420/Shirt/Png/noFilter","#632626","#86817E","#853939","self"
"9239739528","SA |  WW1 Golden Embroidered Evening Gown","bottom","feminine","Style Abby","7","https://www.roblox.com/catalog/9239739528","https://tr.rbxcdn.com/180DAY-0864c220c96b344fb0af1516dcd7361d/420/420/Pants/Png/noFilter","#878073","#201F1E","#625E53","self"
"9299198025","SA | Cotton House Frock (Cardinal)","bottom","feminine","Style Abby","7","https://www.roblox.com/catalog/9299198025",,,,,"pair-top"
"17528716851","SA | WW1 Silk Tulle and Fur Evening Gown (Taupe)","top","feminine","Style Abby","7","https://www.roblox.com/catalog/17528716851","https://tr.rbxcdn.com/180DAY-a7fdc53547ab66342e39faae61fd377e/420/420/Shirt/Png/noFilter","#7E726A","#928C87","#56453D","self"
"132056930677730","SA | 10's Draped Sash Evening Gown","top","feminine","Style Abby","7","https://www.roblox.com/catalog/132056930677730","https://tr.rbxcdn.com/180DAY-cb973af6b0afbda3312bbcbcbd3a9afa/420/420/Shirt/Png/noFilter","#383834","#83817C","#5D5C54","self"
"6097688929","1910s Black Bowtied Coat [W] [T]","top","feminine","Style Abby","7","https://www.roblox.com/catalog/6097688929","https://tr.rbxcdn.com/180DAY-c2635d788e433259d852e332c4d7f980/420/420/Shirt/Png/noFilter","#323231","#848380","#5F5F5D","self"
"9224509573","SA | WW1 Cascading Evening Gown (Cobalt)","top","feminine","Style Abby","7","https://www.roblox.com/catalog/9224509573","https://tr.rbxcdn.com/180DAY-148be99280cc3c0c6eea78d82a680a4d/420/420/Shirt/Png/noFilter","#4D536B","#7D7F85","#E8E7E3","self"
"4506586692","1900s Parisian Day Ensemble [W] [T]","top","feminine","Style Abby","20","https://www.roblox.com/catalog/4506586692","https://tr.rbxcdn.com/180DAY-c965111bed79f62b4fcbae3f26eb3691/420/420/Shirt/Png/noFilter","#868582","#E7E5E3","#646361","self"
"7970867021","SA │ WW1 ""Prince Albert"" Frock (Brown)","top","feminine","Style Abby","7","https://www.roblox.com/catalog/7970867021","https://tr.rbxcdn.com/180DAY-e9bcd64097d629428375c96d9e32668b/420/420/Shirt/Png/noFilter","#3E2825","#84827E","#635755","self"
"4941870621","1930s Dusty Pink Belted Daydress [W] [B]","bottom","feminine","Style Abby","7","https://www.roblox.com/catalog/4941870621",,,,,"pair-top"
"4311164647","1900s Ocean Blue Bathing Suit [W] [B]","bottom","feminine","Style Abby","5","https://www.roblox.com/catalog/4311164647",,,,,"pair-top"
"1041969382","SA Corduroy Black Pencil Skirt","bottom","feminine","Style Abby","6","https://www.roblox.com/catalog/1041969382","https://tr.rbxcdn.com/180DAY-c4a117308dbf964150342998332f12c9/420/420/Pants/Png/noFilter","#101010","#848380","#E8E7E2","self"
"10628372591","SA | 60's Bejeweled Empire Gown (Ivory)","bottom","feminine","Style Abby","7","https://www.roblox.com/catalog/10628372591","https://tr.rbxcdn.com/180DAY-1cfb4c14b14affa7b3116b656db31448/420/420/Pants/Png/noFilter","#878683","#EAE8E4","#5C5C5A","self"
"7014536107","SA │ 60's Pleated Gown (Ivory)","bottom","feminine","Style Abby","7","https://www.roblox.com/catalog/7014536107","https://tr.rbxcdn.com/180DAY-b7b6545ee6ff0078953b6b1cd3b5ed43/420/420/Pants/Png/noFilter","#858481","#ECEAE6","#61615F","self"
"5770026822","1950s Black Velvet Evening Gown [W]","bottom","feminine","Style Abby","7","https://www.roblox.com/catalog/5770026822","https://tr.rbxcdn.com/180DAY-8697919d968d8d73fce99fb4a78448e1/420/420/Pants/Png/noFilter","#191919","#848481","#EBE9E4","self"
"4557852485","1900s White Laced Tea Shirtwaist [W]","top","feminine","Style Abby","10","https://www.roblox.com/catalog/4557852485","https://tr.rbxcdn.com/180DAY-9bd8d3b09945fa31ca8aef452aaa4626/420/420/Shirt/Png/noFilter","#848380","#E9E9E9","#5C5C5A","self"
"6384197416","1910s Greecian Gown [T]","top","feminine","Style Abby","7","https://www.roblox.com/catalog/6384197416","https://tr.rbxcdn.com/180DAY-f416411aed31b90d62f04f052cb167f0/420/420/Shirt/Png/noFilter","#868481","#E9E5E0","#5C5C5A","self"
"4506588248","1900s Parisian Day Ensemble [W] [B]","bottom","feminine","Style Abby","20","https://www.roblox.com/catalog/4506588248",,,,,"pair-top"
"4941878470","1930s White Draped Gown [W] [B]","bottom","feminine","Style Abby","10","https://www.roblox.com/catalog/4941878470",,,,,"pair-top"
"4941877429","1930s Silver Coruscate Gown [W]","bottom","feminine","Style Abby","20","https://www.roblox.com/catalog/4941877429","https://tr.rbxcdn.com/180DAY-e23c7855376978169d290e528830c736/420/420/Pants/Png/noFilter","#868380","#6F5C44","#EBE9E4","self"
"4311169255","1900s Ocean Blue Bathing Suit [W] [T]","top","feminine","Style Abby","5","https://www.roblox.com/catalog/4311169255","https://tr.rbxcdn.com/180DAY-316629864d71fd0d80b09bf37493f5f9/420/420/Shirt/Png/noFilter","#272B35","#797A7B","#505359","self"
"9482577667","SA | WW1 Beaded Beauty Evening Gown (Noir)","top","feminine","Style Abby","7","https://www.roblox.com/catalog/9482577667","https://tr.rbxcdn.com/180DAY-f4d787b32414eab201b7a14f9b3f4784/420/420/Shirt/Png/noFilter","#7C7C7A","#E9E8E3","#565654","self"
"9239636332","SA | WW1 Golden Embroidered Evening Gown w/ Gloves","top","feminine","Style Abby","7","https://www.roblox.com/catalog/9239636332","https://tr.rbxcdn.com/180DAY-1cb0784ddeda9a1848913a51c8192a6b/420/420/Shirt/Png/noFilter","#868582","#ECE8E1","#5C5C5A","self"
"4941896954","1930s Rouge Mantle [W] [T]","top","feminine","Style Abby","7","https://www.roblox.com/catalog/4941896954","https://tr.rbxcdn.com/180DAY-318d1ed8a896bca68099b251d4cdb12f/420/420/Shirt/Png/noFilter","#713143","#85817F","#9B4A61","self"
"5770013247","1950s Red Grid Button Daydress [W] [B]","bottom","feminine","Style Abby","7","https://www.roblox.com/catalog/5770013247",,,,,"pair-top"
"15628496465","SA | Edwardian Ladies Eton Jacket (Cardinal Red)","top","feminine","Style Abby","7","https://www.roblox.com/catalog/15628496465","https://tr.rbxcdn.com/180DAY-8dc6754159ef6cf35dd0dbb109ea16e1/420/420/Shirt/Png/noFilter","#4F1C1E","#837E7B","#703435","self"
"15628488069","SA | Edwardian Ladies Eton Jacket (Pink)","top","feminine","Style Abby","7","https://www.roblox.com/catalog/15628488069","https://tr.rbxcdn.com/180DAY-acd4366e2a52dfe6187e5aa003257174/420/420/Shirt/Png/noFilter","#90797A","#C6A7A9","#E9E8E4","self"
"9208186917","SA | WW1 Chiffon Tea Gown","bottom","feminine","Style Abby","7","https://www.roblox.com/catalog/9208186917","https://tr.rbxcdn.com/180DAY-fa954bfd5284840351cf1d1390a17b67/420/420/Pants/Png/noFilter","#858481","#E8E8E4","#5C5C5A","self"
"5219244481","1910s Red Lace Evening Gown w/ Gloves [W] [T]","top","feminine","Style Abby","7","https://www.roblox.com/catalog/5219244481","https://tr.rbxcdn.com/180DAY-6f3ff279d2a15e44599a99019b12a10e/420/420/Shirt/Png/noFilter","#9C9288","#DCCBBB","#787774","self"
"7995679187","SA │ WW1 Cutaway Frock (Tan)","top","feminine","Style Abby","7","https://www.roblox.com/catalog/7995679187","https://tr.rbxcdn.com/180DAY-9d21922dea8d1b0d7239beb05dda1316/420/420/Shirt/Png/noFilter","#4B3C32","#83827E","#6E5C51","self"
"7995670423","SA │ WW1 Cutaway Frock (Navy)","top","feminine","Style Abby","7","https://www.roblox.com/catalog/7995670423","https://tr.rbxcdn.com/180DAY-579e00d34191787db63f947911a6da7d/420/420/Shirt/Png/noFilter","#1D1E28","#80807D","#4C4D53","self"
"15628500371","SA | Edwardian Ladies Eton Skirt (Dove Blue)","bottom","feminine","Style Abby","7","https://www.roblox.com/catalog/15628500371",,,,,"pair-top"
"5773312415","1950s Pearl Sash Evening Gown [W] [T]","top","feminine","Style Abby","7","https://www.roblox.com/catalog/5773312415","https://tr.rbxcdn.com/180DAY-3f05b89d3e46d1a76ebc77fbe8f67eb6/420/420/Shirt/Png/noFilter","#202020","#82827F","#E8E7E2","self"
"9842584956","SA | WW1 Silk Boudoir Gown (Rose)","top","feminine","Style Abby","7","https://www.roblox.com/catalog/9842584956","https://tr.rbxcdn.com/180DAY-d73fa727f614017c6eb5e81d4afcfb47/420/420/Shirt/Png/noFilter","#967F7D","#D5AEAB","#E8E6E1","self"
"123345644712446","SA | 10's Draped Sash Evening Gown","bottom","feminine","Style Abby","7","https://www.roblox.com/catalog/123345644712446",,,,,"pair-top"
"5976087420","1910s Winter Blue Embroidered Frock [W] [B]","bottom","feminine","Style Abby","7","https://www.roblox.com/catalog/5976087420",,,,,"pair-top"
"5770034667","1950s Red Grid Button Daydress [W] [T]","top","feminine","Style Abby","7","https://www.roblox.com/catalog/5770034667","https://tr.rbxcdn.com/180DAY-7c31c00aa3cc83afceed46e2ab3b1a48/420/420/Shirt/Png/noFilter","#858582","#EBE7E5","#5C5C5A","self"
"1279898236","1930s Glamour Gown (Plum)","bottom","feminine","Style Abby","10","https://www.roblox.com/catalog/1279898236","https://tr.rbxcdn.com/180DAY-2fd3f04429a592355d03fa3825850c01/420/420/Pants/Png/noFilter","#3F3245","#858282","#EAE8E4","self"
"5219241033","1910s Red Lace Evening Gown [W] [B]","bottom","feminine","Style Abby","7","https://www.roblox.com/catalog/5219241033",,,,,"pair-top"
"7014531354","SA │ 60's Deco Gown (Black)","bottom","feminine","Style Abby","7","https://www.roblox.com/catalog/7014531354","https://tr.rbxcdn.com/180DAY-bd99e8bd77de57c381370c3222c87f7b/420/420/Pants/Png/noFilter","#181818","#3D3D3D","#848481","self"
"4941873208","1930s Onyx Wrapped Gown [W]","bottom","feminine","Style Abby","20","https://www.roblox.com/catalog/4941873208","https://tr.rbxcdn.com/180DAY-bf3cd4536f0c033e63887e6ebce77ae9/420/420/Pants/Png/noFilter","#242529","#A09C6C","#81817D","self"
"4557853413","1900s Black Seamed Skirt [W]","bottom","feminine","Style Abby","7","https://www.roblox.com/catalog/4557853413","https://tr.rbxcdn.com/180DAY-8a6c8cb10d72075739c1721b96d7b5cd/420/420/Pants/Png/noFilter","#252525","#848280","#E8E7E2","self"
"4932942906","1900s Blue Beauty Evening Gown [W] [B]","bottom","feminine","Style Abby","30","https://www.roblox.com/catalog/4932942906","https://tr.rbxcdn.com/180DAY-fbbe6f0665d0e9786e242b4577c01a35/420/420/Pants/Png/noFilter","#18172A","#838381","#4A4951","self"
"6097686487","1910s Red Bowtied Coat [W] [B]","bottom","feminine","Style Abby","7","https://www.roblox.com/catalog/6097686487",,,,,"pair-top"
"5770025133","1950s Black Pencil Skirt [W]","bottom","feminine","Style Abby","7","https://www.roblox.com/catalog/5770025133","https://tr.rbxcdn.com/180DAY-e6712d4d98105140413f570c2444a261/420/420/Pants/Png/noFilter","#202020","#848380","#E8E7E2","self"
"6097686453","1910s Black Bowtied Coat [W] [B]","bottom","feminine","Style Abby","7","https://www.roblox.com/catalog/6097686453",,,,,"pair-top"
"17528695386","SA | WW1 Silk Tulle and Fur Evening Gown (Taupe)","bottom","feminine","Style Abby","7","https://www.roblox.com/catalog/17528695386",,,,,"pair-top"
"9207552475","SA | WW1 Embroidered Tea Gown w/ Gloves","top","feminine","Style Abby","7","https://www.roblox.com/catalog/9207552475","https://tr.rbxcdn.com/180DAY-bfdc75e05aa3cd9da29c6271a489ea3e/420/420/Shirt/Png/noFilter","#858582","#E9E8E4","#61615F","self"
"124274662073988","SA | Tied Silk Tea Gown (Blue)","bottom","feminine","Style Abby","7","https://www.roblox.com/catalog/124274662073988","https://tr.rbxcdn.com/180DAY-ebea50f3ef668248dc4adf877b361a12/420/420/Pants/Png/noFilter","#868583","#E9E9E4","#5C5C5A","self"
"8493901741","SA │ WW1 Velvet Corduroy Buttoned Skirt (Black)","bottom","feminine","Style Abby","7","https://www.roblox.com/catalog/8493901741","https://tr.rbxcdn.com/180DAY-329e4f8c83bf1c97f6b4a5ae15448cb4/420/420/Pants/Png/noFilter","#1A1A1A","#858481","#E8E7E2","self"
"15628490570","SA | Edwardian Ladies Eton Jacket (Dove Blue)","top","feminine","Style Abby","7","https://www.roblox.com/catalog/15628490570","https://tr.rbxcdn.com/180DAY-130711292d7c4f310eb4e89afd0242b4/420/420/Shirt/Png/noFilter","#7F828A","#E8E8E3","#5C5C5A","self"
"7995638064","SA │ WW1 Cutaway Frock (Tan)","bottom","feminine","Style Abby","7","https://www.roblox.com/catalog/7995638064",,,,,"pair-top"
"3925112983","1900s Flower Embellished Tea Gown [T]","bottom","feminine","Style Abby","7","https://www.roblox.com/catalog/3925112983",,,,,"pair-top"
"4925445699","1900s Soirée Noire Walking Coat [W] [B]","bottom","feminine","Style Abby","7","https://www.roblox.com/catalog/4925445699","https://tr.rbxcdn.com/180DAY-72ced141049b8546c1a1cc9ec5eb6eae/420/420/Pants/Png/noFilter","#242424","#858380","#535351","self"
"9299200976","SA | Cotton House Frock (Cardinal)","top","feminine","Style Abby","7","https://www.roblox.com/catalog/9299200976","https://tr.rbxcdn.com/180DAY-4fd8791b89cef43ae72314fd49a7e9ee/420/420/Shirt/Png/noFilter","#6C2834","#867F7E","#8E444F","self"
"5770011859","1950s Red Daydress [W] [B]","bottom","feminine","Style Abby","7","https://www.roblox.com/catalog/5770011859","https://tr.rbxcdn.com/180DAY-f51aaf963029693f01a5a199a895a799/420/420/Pants/Png/noFilter","#8B3232","#8B8481","#EBE9E4","self"
"8596100641","SA │ WW1 Pleated Cotton Skirt (Cocoa)","bottom","feminine","Style Abby","7","https://www.roblox.com/catalog/8596100641","https://tr.rbxcdn.com/180DAY-bdd805bc0c0299b4d74f1728d0cda816/420/420/Pants/Png/noFilter","#342617","#83817E","#E8E7E2","self"
"15628503902","SA | Edwardian Ladies Eton Skirt (Navy)","bottom","feminine","Style Abby","7","https://www.roblox.com/catalog/15628503902",,,,,"pair-top"
"1284312201","1930s Patterned Red Gown","bottom","feminine","Style Abby","12","https://www.roblox.com/catalog/1284312201","https://tr.rbxcdn.com/180DAY-6b8ad36710e929b1c40be312fb69737b/420/420/Pants/Png/noFilter","#6C1E1E","#87817E","#EAE8E3","self"
"5770034651","1950s White Button Daydress [W] [T]","top","feminine","Style Abby","7","https://www.roblox.com/catalog/5770034651","https://tr.rbxcdn.com/180DAY-0199646f4e960fd2526350b09e51e0f5/420/420/Shirt/Png/noFilter","#858481","#EDEDEB","#5C5C5A","self"
"7970875832","SA │ WW1 ""Prince Albert"" Frock (Silver)","top","feminine","Style Abby","7","https://www.roblox.com/catalog/7970875832","https://tr.rbxcdn.com/180DAY-8c3f655b40bc8399f4032c0bdb41846a/420/420/Shirt/Png/noFilter","#4B4B4B","#7C7C7A","#E8E6E2","self"
"4764351331","1910s Blue Day Frock [W] [T]","top","feminine","Style Abby","10","https://www.roblox.com/catalog/4764351331","https://tr.rbxcdn.com/180DAY-ddc8c3fcced222ae68fb7475de907966/420/420/Shirt/Png/noFilter","#1C2833","#838380","#495156","self"
"4629388649","1900s Yellow Walking Ensemble [W] [B]","bottom","feminine","Style Abby","7","https://www.roblox.com/catalog/4629388649",,,,,"pair-top"
"4764352385","1910s Blue Day Frock [W] [B]","bottom","feminine","Style Abby","10","https://www.roblox.com/catalog/4764352385",,,,,"pair-top"
"6097688974","1910s Mustard Bowtied Coat [W] [T]","top","feminine","Style Abby","7","https://www.roblox.com/catalog/6097688974","https://tr.rbxcdn.com/180DAY-d8c50ca812c67e29ad529c6ded3a4e21/420/420/Shirt/Png/noFilter","#9E8358","#888681","#D5B277","self"
"6536626334","1910s DeWitt Promenade Gown [B]","bottom","feminine","Style Abby","7","https://www.roblox.com/catalog/6536626334",,,,,"pair-top"
"9598910890","SA | WW1 Sumptuous Silk Evening Gown w/ Gloves","top","feminine","Style Abby","7","https://www.roblox.com/catalog/9598910890","https://tr.rbxcdn.com/180DAY-c95d2f36949df3077b3c300d15e7bb6c/420/420/Shirt/Png/noFilter","#858481","#ECEBE7","#5C5C5A","self"
"5803109228","1950s White Turtleneck [W]","top","feminine","Style Abby","7","https://www.roblox.com/catalog/5803109228","https://tr.rbxcdn.com/180DAY-09180239deee31669cce4fa53ff175f7/420/420/Shirt/Png/noFilter","#848481","#EBEBE8","#5C5C5A","self"
"77341725697318","SA | Tied Silk Tea Gown (Yellow)","bottom","feminine","Style Abby","7","https://www.roblox.com/catalog/77341725697318","https://tr.rbxcdn.com/180DAY-a977b07a43af89900dcaf74e3791a290/420/420/Pants/Png/noFilter","#95938A","#E9E9E4","#787875","self"
"4941875612","1930s Rouge Skirt [W] [B]","bottom","feminine","Style Abby","7","https://www.roblox.com/catalog/4941875612","https://tr.rbxcdn.com/180DAY-d8bf07343055e2182d40ad5024478b02/420/420/Pants/Png/noFilter","#783347","#837F7E","#E8E7E2","self"
"5770025130","1950s Black Pleated Skirt [W]","bottom","feminine","Style Abby","7","https://www.roblox.com/catalog/5770025130","https://tr.rbxcdn.com/180DAY-21d3e6f1eae2055a326ad145650b2ddb/420/420/Pants/Png/noFilter","#2C2C2C","#848381","#E8E7E2","self"
"4932943981","1900s Blue Beauty Evening Gown w/ Gloves [W] [T]","top","feminine","Style Abby","10","https://www.roblox.com/catalog/4932943981","https://tr.rbxcdn.com/180DAY-2e913f6c31ca4dfd70332ef2d11fa9ea/420/420/Shirt/Png/noFilter","#151524","#838380","#5D5D5F","self"
"5808732200","1950s White Swim Shorts [W]","bottom","feminine","Style Abby","7","https://www.roblox.com/catalog/5808732200","https://tr.rbxcdn.com/180DAY-b709b4ca63451bf02faaee82c4045dfc/420/420/Pants/Png/noFilter","#858481","#E8E7E2","#5C5C5A","self"
"9842583428","SA | WW1 Silk Boudoir Gown (Pink)","top","feminine","Style Abby","7","https://www.roblox.com/catalog/9842583428","https://tr.rbxcdn.com/180DAY-c5a3ffc355a08b7ef3a1a1d26a6b8dc3/420/420/Shirt/Png/noFilter","#A28E98","#E6D1DA","#7B7B77","self"
"8596090395","SA │ WW1 Pleated Cotton Skirt (Beige)","bottom","feminine","Style Abby","7","https://www.roblox.com/catalog/8596090395","https://tr.rbxcdn.com/180DAY-a725eea7481dadcad71cbb3bc39b01de/420/420/Pants/Png/noFilter","#503B2C","#84827E","#E8E7E2","self"
"3935562269","1900s THE Miss Ruby Evening Gown [T]","top","feminine","Style Abby","20","https://www.roblox.com/catalog/3935562269","https://tr.rbxcdn.com/180DAY-a2bd319b51ac335bca4ce5d5d446543e/420/420/Shirt/Png/noFilter","#888381","#76241F","#876662","self"
"8263126808","SA │ WW1 Cotton Contrast Frock (Tan)","bottom","feminine","Style Abby","7","https://www.roblox.com/catalog/8263126808",,,,,"pair-top"
"15628502346","SA | Edwardian Ladies Eton Skirt (Green)","bottom","feminine","Style Abby","7","https://www.roblox.com/catalog/15628502346",,,,,"pair-top"
"5306529645","1910s Draped Emerald Evening Gown [W] [T]","top","feminine","Style Abby","10","https://www.roblox.com/catalog/5306529645","https://tr.rbxcdn.com/180DAY-27542fcd107711354f75e55f57e11dee/420/420/Shirt/Png/noFilter","#44594A","#838581","#5F7666","self"
"8635475877","SA │ WW1 Half Pleated Cotton Skirt (Grey)","bottom","feminine","Style Abby","7","https://www.roblox.com/catalog/8635475877","https://tr.rbxcdn.com/180DAY-4331d67faa1a1c822bfcea3766db3903/420/420/Pants/Png/noFilter","#343434","#83827F","#E8E7E2","self"
"4382999887","1900s Decorated Promenade Dress [Red] [W] [T]","top","feminine","Style Abby","7","https://www.roblox.com/catalog/4382999887","https://tr.rbxcdn.com/180DAY-0be9220fa0aeee681b6ec5fd7978051d/420/420/Shirt/Png/noFilter","#6A261D","#84807E","#923D32","self"
"4513676429","1900s Brown Decorated Evening Gown [W] [B]","bottom","feminine","Style Abby","7","https://www.roblox.com/catalog/4513676429","https://tr.rbxcdn.com/180DAY-29f363d290a046d3b95a72b8bd707480/420/420/Pants/Png/noFilter","#342722","#84817E","#605B56","self"
"1588838774","1960s Midnight Swirl Cut Gown WO Gloves [T]","top","feminine","Style Abby","10","https://www.roblox.com/catalog/1588838774","https://tr.rbxcdn.com/180DAY-fbb7507f31f32a8cd723da4ba8481831/420/420/Shirt/Png/noFilter","#111110","#848381","#3D3D3C","self"
"4941876299","1930s Shooting Star Gown [W]","bottom","feminine","Style Abby","20","https://www.roblox.com/catalog/4941876299","https://tr.rbxcdn.com/180DAY-d4e62ed5d0949dda8f731585e0e44e96/420/420/Pants/Png/noFilter","#858481","#EAE9E4","#5C5C5A","self"
"5770033334","1950s Flamingo Pink Cardigan Set [W]","top","feminine","Style Abby","7","https://www.roblox.com/catalog/5770033334","https://tr.rbxcdn.com/180DAY-107fb5eef9cc3d1ff1d4ce70c722e3b0/420/420/Shirt/Png/noFilter","#A4687B","#898583","#DC8FA9","self"
"15628492536","SA | Edwardian Ladies Eton Jacket (Green)","top","feminine","Style Abby","7","https://www.roblox.com/catalog/15628492536","https://tr.rbxcdn.com/180DAY-e8a6cf9d2b06e768b390986718a088dc/420/420/Shirt/Png/noFilter","#546B59","#7E887E","#E9E8E3","self"
"5770025138","1950s Pink Pleated Skirt [W]","bottom","feminine","Style Abby","7","https://www.roblox.com/catalog/5770025138","https://tr.rbxcdn.com/180DAY-a2069a47e9fdfd217ac006b67bcec5e5/420/420/Pants/Png/noFilter","#A1697A","#888683","#E8E7E2","self"
"3936126477","1900s Blush Bowtied Evening Gown [T]","top","feminine","Style Abby","10","https://www.roblox.com/catalog/3936126477","https://tr.rbxcdn.com/180DAY-e5ad58245fb287f0dc568e76966c7c1a/420/420/Shirt/Png/noFilter","#968794","#1A1A1A","#726A70","self"
"5770010573","1950s Black Daydress [W] [B]","bottom","feminine","Style Abby","7","https://www.roblox.com/catalog/5770010573",,,,,"pair-top"
"8165728450","SA │ WW1 Taffeta Ruffle Frock (Purple)","bottom","feminine","Style Abby","7","https://www.roblox.com/catalog/8165728450",,,,,"pair-top"
"5803109232","1950s Yellow Turtleneck [W]","top","feminine","Style Abby","7","https://www.roblox.com/catalog/5803109232","https://tr.rbxcdn.com/180DAY-48b787729bb1d1beda16ff70c33302d0/420/420/Shirt/Png/noFilter","#AFA257","#858481","#E7D773","self"
"4941872339","1930s Normandy Red Evening Dress [W]","bottom","feminine","Style Abby","20","https://www.roblox.com/catalog/4941872339","https://tr.rbxcdn.com/180DAY-a0e1b991dd1a3449a8f94bbdc9c339c3/420/420/Pants/Png/noFilter","#982524","#887F7C","#EAE9E4","self"
"1041967846","SA Corduroy Black Mini Skirt","bottom","feminine","Style Abby","6","https://www.roblox.com/catalog/1041967846","https://tr.rbxcdn.com/180DAY-7f774af4288a64061ed237ee10785e40/420/420/Pants/Png/noFilter","#121212","#848481","#E8E7E2","self"
"9842577121","SA | WW1 Silk Boudoir Gown (Rose)","bottom","feminine","Style Abby","7","https://www.roblox.com/catalog/9842577121",,,,,"pair-top"
"8596103293","SA │ WW1 Pleated Cotton Skirt (Khaki)","bottom","feminine","Style Abby","7","https://www.roblox.com/catalog/8596103293","https://tr.rbxcdn.com/180DAY-c6599352e08b90804f8c990e62a1db7d/420/420/Pants/Png/noFilter","#7F6651","#868580","#E8E7E2","self"
"4659227544","1900s Steel Blue Walking Ensemble [W] [B]","bottom","feminine","Style Abby","10","https://www.roblox.com/catalog/4659227544",,,,,"pair-top"
"8263138515","SA │ WW1 Cotton Contrast Frock (Yellow)","top","feminine","Style Abby","7","https://www.roblox.com/catalog/8263138515","https://tr.rbxcdn.com/180DAY-427b4c1412f81aabfbafb199937c6c30/420/420/Shirt/Png/noFilter","#9A9158","#858480","#D4C87B","self"
"1210012779","1920s Embellished Flower Gown","bottom","feminine","Style Abby","10","https://www.roblox.com/catalog/1210012779","https://tr.rbxcdn.com/180DAY-ca1dbd2746349e4d8b21d5f692eccf8d/420/420/Pants/Png/noFilter","#171716","#403D37","#848380","self"
"8493908885","SA │ WW1 Velvet Corduroy Buttoned Skirt (Brown)","bottom","feminine","Style Abby","7","https://www.roblox.com/catalog/8493908885","https://tr.rbxcdn.com/180DAY-731c0151ecd9f880d83d2787c8af91fb/420/420/Pants/Png/noFilter","#31271A","#83817E","#E8E7E2","self"
"9224438327","SA | WW1 Cascading Evening Gown (Cherry)","bottom","feminine","Style Abby","7","https://www.roblox.com/catalog/9224438327",,,,,"pair-top"
"1588838416","1960s Midnight Swirl Cut Gown W Gloves [T]","top","feminine","Style Abby","10","https://www.roblox.com/catalog/1588838416","https://tr.rbxcdn.com/180DAY-a95ab945b18dc2077245bf526e32135f/420/420/Shirt/Png/noFilter","#0F0F0F","#838380","#605F5E","self"
"8648552865","SA │ WW1 Promenade Frock (Old Rose)","top","feminine","Style Abby","7","https://www.roblox.com/catalog/8648552865","https://tr.rbxcdn.com/180DAY-9f607d37d2f863a36466e95779f4c264/420/420/Shirt/Png/noFilter","#7F6564","#9A8988","#E8E6E2","self"
"5163245824","1910s Cozy Day Ensemble [W] [T]","top","feminine","Style Abby","7","https://www.roblox.com/catalog/5163245824","https://tr.rbxcdn.com/180DAY-1786494da699f94047d661d21534644a/420/420/Shirt/Png/noFilter","#373F41","#86847F","#ABA38E","self"
"4383003775","1900s Decorated Promenade Dress [Blush] [W]","top","feminine","Style Abby","7","https://www.roblox.com/catalog/4383003775","https://tr.rbxcdn.com/180DAY-07e78317875157dcea8169831ade59bc/420/420/Shirt/Png/noFilter","#AB8CA0","#817B7C","#EAC7DD","self"
"4629392626","1900s Blue Walking Ensemble [W] [T]","top","feminine","Style Abby","7","https://www.roblox.com/catalog/4629392626","https://tr.rbxcdn.com/180DAY-72b55b39b20d99979b37efcd316a8bf9/420/420/Shirt/Png/noFilter","#383B5B","#807F81","#545677","self"
"7970870884","SA │ WW1 ""Prince Albert"" Frock (Navy)","top","feminine","Style Abby","7","https://www.roblox.com/catalog/7970870884","https://tr.rbxcdn.com/180DAY-7f2574bd1e1327967090414005dd186d/420/420/Shirt/Png/noFilter","#282635","#828280","#57565D","self"
"8596093877","SA │ WW1 Pleated Cotton Skirt (Black)","bottom","feminine","Style Abby","7","https://www.roblox.com/catalog/8596093877","https://tr.rbxcdn.com/180DAY-fca52aff2a61044753eada7c533474b0/420/420/Pants/Png/noFilter","#1D1D1D","#838280","#E8E7E2","self"
"7995624520","SA │ WW1 Cutaway Frock (Navy)","bottom","feminine","Style Abby","7","https://www.roblox.com/catalog/7995624520",,,,,"pair-top"
"5770034659","1950s Warm Mauve Daydress [W] [T]","top","feminine","Style Abby","7","https://www.roblox.com/catalog/5770034659","https://tr.rbxcdn.com/180DAY-b58ad317e17a50b651f2d4db07a4116f/420/420/Shirt/Png/noFilter","#8B6F6F","#BE9494","#E8E7E2","self"
"5312742046","1910s Baby Blue Daydress [W] [B]","bottom","feminine","Style Abby","7","https://www.roblox.com/catalog/5312742046","https://tr.rbxcdn.com/180DAY-59e634260dd533a120b29b4e8ea421de/420/420/Pants/Png/noFilter","#81878D","#EBEAE6","#686664","self"
"5770034616","1950s Black Daydress [W] [T]","top","feminine","Style Abby","7","https://www.roblox.com/catalog/5770034616","https://tr.rbxcdn.com/180DAY-ecc33c1ecafacb35a61e0a0b5a78e7d8/420/420/Shirt/Png/noFilter","#2D2D2D","#838380","#60605E","self"
"1801814241","1920s Rose Ball Gown [B]","bottom","feminine","Style Abby","10","https://www.roblox.com/catalog/1801814241","https://tr.rbxcdn.com/180DAY-06da09f14118488266b0622e8193b2d2/420/420/Pants/Png/noFilter","#75424A","#867E7E","#EAE8E4","self"
"4941871315","1930s Ecru Patou Crepe Gown [W]","bottom","feminine","Style Abby","20","https://www.roblox.com/catalog/4941871315","https://tr.rbxcdn.com/180DAY-6980b6cef56faea7067483b129b1580c/420/420/Pants/Png/noFilter","#B8AEA7","#86827F","#ECE9E4","self"
"8263135478","SA │ WW1 Cotton Contrast Frock (Brown)","top","feminine","Style Abby","7","https://www.roblox.com/catalog/8263135478","https://tr.rbxcdn.com/180DAY-36024114314cf29037b394ea6c08f7cc/420/420/Shirt/Png/noFilter","#523226","#83827E","#714B3E","self"
"9207558219","SA | WW1 Embroidered Tea Gown","top","feminine","Style Abby","7","https://www.roblox.com/catalog/9207558219","https://tr.rbxcdn.com/180DAY-ad8b84ee86cda8baf8c63dd05974ec12/420/420/Shirt/Png/noFilter","#868582","#E9E8E4","#61615F","self"
"9842581078","SA | WW1 Silk Boudoir Gown (Wisteria)","bottom","feminine","Style Abby","7","https://www.roblox.com/catalog/9842581078",,,,,"pair-top"
"5219243015","1910s Red Lace Evening Gown [W] [T]","top","feminine","Style Abby","7","https://www.roblox.com/catalog/5219243015","https://tr.rbxcdn.com/180DAY-e4d55c71e0dd4cc738b533f5ee14eea0/420/420/Shirt/Png/noFilter","#9D9188","#DDCCBB","#787774","self"
"15628505714","SA | Edwardian Ladies Eton Skirt (Cardinal Red)","bottom","feminine","Style Abby","7","https://www.roblox.com/catalog/15628505714",,,,,"pair-top"
"5980409482","1910s Floral Wrap Evening Gown [W] [B]","bottom","feminine","Style Abby","7","https://www.roblox.com/catalog/5980409482","https://tr.rbxcdn.com/180DAY-6a5955fabbb74ce4f1c95dc314fbfb56/420/420/Pants/Png/noFilter","#A8657A","#888483","#EBE9E4","self"
"4891309108","1900s Walking Dress Sleeves [W] [T]","top","feminine","Style Abby","7","https://www.roblox.com/catalog/4891309108","https://tr.rbxcdn.com/180DAY-f27f5faf52a881378b3180b70e35fd7a/420/420/Shirt/Png/noFilter","#848481","#EDEDEB","#5C5C5A","self"
"3009351302","1900s Deep Red Calling Gown [B]","bottom","feminine","Style Abby","7","https://www.roblox.com/catalog/3009351302",,,,,"pair-top"
"4506169684","1900s Black Dainty Daysuit [W] [B]","bottom","feminine","Style Abby","7","https://www.roblox.com/catalog/4506169684","https://tr.rbxcdn.com/180DAY-b5b01891537231308656b79a9ec975ec/420/420/Pants/Png/noFilter","#2D2D2D","#848480","#4F4F4D","self"
"8648466188","SA │ WW1 Promenade Frock (Chestnut)","bottom","feminine","Style Abby","7","https://www.roblox.com/catalog/8648466188",,,,,"pair-top"
"8165759715","SA │ WW1 Taffeta Ruffle Frock (Brown)","top","feminine","Style Abby","7","https://www.roblox.com/catalog/8165759715","https://tr.rbxcdn.com/180DAY-9c09c8d45cbe5dc42971d18f5332236d/420/420/Shirt/Png/noFilter","#6C4B3F","#85817D","#976B5B","self"
"4661662641","1900s Crimson Walking Ensemble [W] [T]","top","feminine","Style Abby","10","https://www.roblox.com/catalog/4661662641","https://tr.rbxcdn.com/180DAY-e9f04e819457b600ead1473694dc603f/420/420/Shirt/Png/noFilter","#611B18","#87817E","#7E3531","self"
"4875176757","1900s Poiret Silk Evening Gown [W] [B]","bottom","feminine","Style Abby","20","https://www.roblox.com/catalog/4875176757","https://tr.rbxcdn.com/180DAY-7444c5f66095f0a9ca006a68f4db66ca/420/420/Pants/Png/noFilter","#804C2B","#999287","#7F756B","self"
"5808733118","1950s Blue Swim Shorts [W]","bottom","feminine","Style Abby","7","https://www.roblox.com/catalog/5808733118","https://tr.rbxcdn.com/180DAY-6ef61b484ef3575de44c97c48726b974/420/420/Pants/Png/noFilter","#3F4890","#808187","#E8E7E2","self"
"4557853983","1900s Blue Seamed Skirt [W]","bottom","feminine","Style Abby","7","https://www.roblox.com/catalog/4557853983","https://tr.rbxcdn.com/180DAY-d8f3de7f35ca43e34c99892172ec8cb9/420/420/Pants/Png/noFilter","#1E2630","#848481","#E8E7E2","self"
"9801388637","SA | WW1 Silk Corset and Chemise Combo","bottom","feminine","Style Abby","7","https://www.roblox.com/catalog/9801388637","https://tr.rbxcdn.com/180DAY-8da3d391e1e5804cd726573cacaff537/420/420/Pants/Png/noFilter","#858481","#E8E7E3","#5C5C5A","self"
"5322105365","1910s Black Striped Swimsuit [W] [T]","top","feminine","Style Abby","7","https://www.roblox.com/catalog/5322105365","https://tr.rbxcdn.com/180DAY-22a748637c63b77dbd8be81cc9a8c30a/420/420/Shirt/Png/noFilter","#323232","#848381","#E8E6E2","self"
"4941896287","1930s Red Belted Daydress [W] [T]","top","feminine","Style Abby","7","https://www.roblox.com/catalog/4941896287","https://tr.rbxcdn.com/180DAY-ea84049ff079c7d2210239fb2d281381/420/420/Shirt/Png/noFilter","#75281D","#87827F","#983C30","self"
"4875178095","1900s Poiret Silk Evening Gown w/ Gloves [W] [T]","top","feminine","Style Abby","10","https://www.roblox.com/catalog/4875178095","https://tr.rbxcdn.com/180DAY-662d7ca113bc53c7443fcc67eaf6f3ad/420/420/Shirt/Png/noFilter","#AAA294","#83827E","#272320","self"
"4629392200","1900s Purple Walking Ensemble [W] [T]","top","feminine","Style Abby","7","https://www.roblox.com/catalog/4629392200","https://tr.rbxcdn.com/180DAY-48b0e096e91fdfd4aa8100cf5fbb91db/420/420/Shirt/Png/noFilter","#433356","#838183","#615274","self"
"8648469764","SA │ WW1 Promenade Frock (Copper Rose)","bottom","feminine","Style Abby","7","https://www.roblox.com/catalog/8648469764",,,,,"pair-top"
"4872934597","1900s Drécoll Silk Evening Gown [W] [B]","bottom","feminine","Style Abby","30","https://www.roblox.com/catalog/4872934597","https://tr.rbxcdn.com/180DAY-cc340343f2b52d270ad2b5c220fd1765/420/420/Pants/Png/noFilter","#242323","#89837C","#645850","self"
"8263118208","SA │ WW1 Cotton Contrast Frock (B&W)","bottom","feminine","Style Abby","7","https://www.roblox.com/catalog/8263118208",,,,,"pair-top"
"6097688931","1910s Black Bowtied Coat w Gloves [W] [T]","top","feminine","Style Abby","7","https://www.roblox.com/catalog/6097688931","https://tr.rbxcdn.com/180DAY-1fa58b8ad2c0841b0b44c8e8429c960b/420/420/Shirt/Png/noFilter","#303030","#83827F","#5F5E5D","self"
"9224449168","SA | WW1 Cascading Evening Gown w/ Gloves (Rose)","top","feminine","Style Abby","7","https://www.roblox.com/catalog/9224449168","https://tr.rbxcdn.com/180DAY-322b9776628792c86605e3b702c6df0b/420/420/Shirt/Png/noFilter","#774F56","#8D7D7F","#E8E6E2","self"
"3925114400","1900s Flower Embellished Tea Gown [T]","top","feminine","Style Abby","7","https://www.roblox.com/catalog/3925114400","https://tr.rbxcdn.com/180DAY-cc3b57ecd8819c0866a0575806c44ed5/420/420/Shirt/Png/noFilter","#84817E","#E7E6E5","#665956","self"
"6476109409","1910s Navy Day Frock [T]","top","feminine","Style Abby","7","https://www.roblox.com/catalog/6476109409","https://tr.rbxcdn.com/180DAY-4031913741fb2986dc598d9aed82ad41/420/420/Shirt/Png/noFilter","#1B2633","#838381","#565C61","self"
"3936098324","1900s Red Bowtied Evening Gown [B]","bottom","feminine","Style Abby","10","https://www.roblox.com/catalog/3936098324",,,,,"pair-top"
"5803109217","1950s Pink Turtleneck [W]","top","feminine","Style Abby","7","https://www.roblox.com/catalog/5803109217","https://tr.rbxcdn.com/180DAY-e2b2c6a550cd5563a8c271d7338a4d44/420/420/Shirt/Png/noFilter","#A25974","#8A8483","#D7769C","self"
"7970878518","SA │ WW1 ""Prince Albert"" Frock (Tan)","top","feminine","Style Abby","7","https://www.roblox.com/catalog/7970878518","https://tr.rbxcdn.com/180DAY-170f8dfbc84a6e53b2a3b1b51716f5f5/420/420/Shirt/Png/noFilter","#6C5D52","#89847D","#E9E7E3","self"
"837245856","1920's Peach Embroidered Tea Gown","bottom","feminine","Style Abby","9","https://www.roblox.com/catalog/837245856","https://tr.rbxcdn.com/180DAY-c1607551f1e989e460a59a7a818b3e4e/420/420/Pants/Png/noFilter","#A98376","#EBE9E4","#787875","self"
"8165774884","SA │ WW1 Taffeta Ruffle Frock (Purple)","top","feminine","Style Abby","7","https://www.roblox.com/catalog/8165774884","https://tr.rbxcdn.com/180DAY-63060e8ea09a807fc4334ffa8e71f4dd/420/420/Shirt/Png/noFilter","#241F3A","#838281","#524E5B","self"
"7995621845","SA │ WW1 Cutaway Frock (Dark Grey)","bottom","feminine","Style Abby","7","https://www.roblox.com/catalog/7995621845",,,,,"pair-top"
"1065863858","1932 Chemist Career Uniform (Female)","bottom","feminine","Style Abby","5","https://www.roblox.com/catalog/1065863858","https://tr.rbxcdn.com/180DAY-107e3cb3415519a604055575e7fac6f2/420/420/Pants/Png/noFilter","#181818","#838380","#E8E7E3","self"
"5770033349","1950s Sky Blue Cardigan Set [W]","top","feminine","Style Abby","7","https://www.roblox.com/catalog/5770033349","https://tr.rbxcdn.com/180DAY-cc3f626088b5fe73d6d57c2741bb909b/420/420/Shirt/Png/noFilter","#677F87","#87A7B4","#91908D","self"
"9224507806","SA | WW1 Cascading Evening Gown (Cherry)","top","feminine","Style Abby","7","https://www.roblox.com/catalog/9224507806","https://tr.rbxcdn.com/180DAY-23eaeefeca3c645ff267543c03a3fe97/420/420/Shirt/Png/noFilter","#7D4D52","#878381","#AA6A70","self"
"3926528832","1900s Brown Fur Lined Skirt","bottom","feminine","Style Abby","7","https://www.roblox.com/catalog/3926528832","https://tr.rbxcdn.com/180DAY-fcca7c424c478d866846f2329841d9a2/420/420/Pants/Png/noFilter","#1B1915","#83827F","#E8E7E2","self"
"6097686452","1910s White Bowtied Coat [W] [B]","bottom","feminine","Style Abby","7","https://www.roblox.com/catalog/6097686452",,,,,"pair-top"
"7995666498","SA │ WW1 Cutaway Frock (Dark Grey)","top","feminine","Style Abby","7","https://www.roblox.com/catalog/7995666498","https://tr.rbxcdn.com/180DAY-9782e7312d5922156629bec175087f37/420/420/Shirt/Png/noFilter","#242424","#83827F","#595958","self"
"8635477436","SA │ WW1 Half Pleated Cotton Skirt (Khaki)","bottom","feminine","Style Abby","7","https://www.roblox.com/catalog/8635477436","https://tr.rbxcdn.com/180DAY-bd64ef8becba6194b7d4a367a45fada8/420/420/Pants/Png/noFilter","#7E6853","#878581","#E8E7E2","self"
"8648537987","SA │ WW1 Promenade Frock (Chestnut)","top","feminine","Style Abby","7","https://www.roblox.com/catalog/8648537987","https://tr.rbxcdn.com/180DAY-15655625ffde4172460cdf31499ee326/420/420/Shirt/Png/noFilter","#644D42","#857D79","#E8E6E2","self"
"5306553966","1910s Draped Emerald Evening Gown w Gloves [W] [T]","top","feminine","Style Abby","10","https://www.roblox.com/catalog/5306553966","https://tr.rbxcdn.com/180DAY-e0aea258119aa9e1263138beb730c884/420/420/Shirt/Png/noFilter","#455749","#262626","#82837F","self"
"890358381","1960s Debutante Ball Gown Top","top","feminine","Style Abby","8","https://www.roblox.com/catalog/890358381","https://tr.rbxcdn.com/180DAY-65c5aa1ad594f922a2e90b06c67715e5/420/420/Shirt/Png/noFilter","#858481","#E8E7E2","#5C5C5A","self"
"3936096556","1900s Coral Bowtied Evening Gown [B]","bottom","feminine","Style Abby","10","https://www.roblox.com/catalog/3936096556","https://tr.rbxcdn.com/180DAY-799e01b4147c8b11f404e7d7f1278eec/420/420/Pants/Png/noFilter","#913E36","#1D1817","#87827F","self"
"9633299546","SA | WW1 Pearl Drop Evening Gown","bottom","feminine","Style Abby","7","https://www.roblox.com/catalog/9633299546","https://tr.rbxcdn.com/180DAY-b48304ec2d5f104f622c227693676002/420/420/Pants/Png/noFilter","#222222","#85847F","#E8E7E3","self"
"4506170828","1900s Brown Dainty Daysuit [W] [T]","top","feminine","Style Abby","7","https://www.roblox.com/catalog/4506170828","https://tr.rbxcdn.com/180DAY-b6eb221de8ae5645d54016dfaf7d8921/420/420/Shirt/Png/noFilter","#493E34","#83827E","#6A5F54","self"
"4629390600","1900s Blue Walking Ensemble [W] [B]","bottom","feminine","Style Abby","7","https://www.roblox.com/catalog/4629390600",,,,,"pair-top"
"4925444832","1900s Soirée Noire Walking Coat w/o Gloves [W] [T]","top","feminine","Style Abby","7","https://www.roblox.com/catalog/4925444832","https://tr.rbxcdn.com/180DAY-a01535d1c663c0feebb621aafac5489b/420/420/Shirt/Png/noFilter","#242424","#83827F","#525250","self"
"10628376578","SA | 60's Bejeweled Empire Gown (Steel)","bottom","feminine","Style Abby","7","https://www.roblox.com/catalog/10628376578","https://tr.rbxcdn.com/180DAY-2e92b992e9a1871e1dec6903249b3fe0/420/420/Pants/Png/noFilter","#858A87","#EAE9E4","#656562","self"
"5770034612","1950s Button Daydress [W] [T]","top","feminine","Style Abby","7","https://www.roblox.com/catalog/5770034612","https://tr.rbxcdn.com/180DAY-eb11fb2e558d76b65e9bf3b871650488/420/420/Shirt/Png/noFilter","#293E5E","#838481","#415679","self"
"4891316330","1900s Pink Tied Walking Dress [W] [B]","bottom","feminine","Style Abby","7","https://www.roblox.com/catalog/4891316330","https://tr.rbxcdn.com/180DAY-2ea799ee58ae2f907a6a30526895eec3/420/420/Pants/Png/noFilter","#887F83","#AE8EA6","#EAEAE5","self"
"5770025131","1950s Red Pencil Skirt [W]","bottom","feminine","Style Abby","7","https://www.roblox.com/catalog/5770025131","https://tr.rbxcdn.com/180DAY-a5ea7687a8790a166aced10e35dadd1a/420/420/Pants/Png/noFilter","#96413A","#8C8481","#E8E7E2","self"
"4941877804","1930s Wevet Scallop Gown [W]","bottom","feminine","Style Abby","20","https://www.roblox.com/catalog/4941877804","https://tr.rbxcdn.com/180DAY-21b7d59282b13b421d9bdbbd5f9a1e15/420/420/Pants/Png/noFilter","#99958A","#EBEAE5","#787775","self"
"9842587786","SA | WW1 Silk Boudoir Gown (White)","top","feminine","Style Abby","7","https://www.roblox.com/catalog/9842587786","https://tr.rbxcdn.com/180DAY-586129d8ada84e70107c49669d21e39f/420/420/Shirt/Png/noFilter","#848380","#EAEAE6","#5C5C5A","self"
"4557857514","1900s Steel Blue Seamed Skirt [W]","bottom","feminine","Style Abby","7","https://www.roblox.com/catalog/4557857514","https://tr.rbxcdn.com/180DAY-4590d9961278424262d4fb2065eacaa1/420/420/Pants/Png/noFilter","#222E41","#828381","#E8E7E2","self"
"4941901264","1930s White Tied Blouse [W]","top","feminine","Style Abby","7","https://www.roblox.com/catalog/4941901264","https://tr.rbxcdn.com/180DAY-44e42f202a95fa976e1a9f419d4a7723/420/420/Shirt/Png/noFilter","#848481","#EBEAE8","#5C5C5A","self"
"8493903352","SA │ WW1 Velvet Corduroy Buttoned Skirt (Blue)","bottom","feminine","Style Abby","7","https://www.roblox.com/catalog/8493903352","https://tr.rbxcdn.com/180DAY-2c9836cf17c1f99ae416a2fd863cbe43/420/420/Pants/Png/noFilter","#11232F","#81827F","#E8E7E2","self"
"3009343398","1900s Baby Blue Calling Gown [B]","bottom","feminine","Style Abby","7","https://www.roblox.com/catalog/3009343398","https://tr.rbxcdn.com/180DAY-5730129c8b8d63315fa8ea1b84c9b853/420/420/Pants/Png/noFilter","#7F8D99","#727574","#9CACBC","self"
"890313055","1960s White Rose Ribbed Gown","bottom","feminine","Style Abby","10","https://www.roblox.com/catalog/890313055","https://tr.rbxcdn.com/180DAY-638d25ed32fb8b0c56a8e4ecbc5c5d58/420/420/Pants/Png/noFilter","#858481","#E8E7E2","#5C5C5A","self"
"4941889450","1930s Black Belted Daydress [W] [T]","top","feminine","Style Abby","7","https://www.roblox.com/catalog/4941889450","https://tr.rbxcdn.com/180DAY-58098db9a1e3e3ba202753af061a2f8c/420/420/Shirt/Png/noFilter","#363636","#848381","#61605E","self"
"8493852729","SA │ WW1 Striped Buttoned Skirt (Brown)","bottom","feminine","Style Abby","7","https://www.roblox.com/catalog/8493852729","https://tr.rbxcdn.com/180DAY-2905024e8c9fa544afd4b3cf9a1326ed/420/420/Pants/Png/noFilter","#33281B","#83817E","#E8E7E2","self"
"6476109401","1910s Gray Day Frock [T]","top","feminine","Style Abby","7","https://www.roblox.com/catalog/6476109401","https://tr.rbxcdn.com/180DAY-58d0215c4ddc6b342ad8df9a4dd2e5fd/420/420/Shirt/Png/noFilter","#464646","#83827F","#646463","self"
"8493911053","SA │ WW1 Velvet Corduroy Buttoned Skirt (Grey)","bottom","feminine","Style Abby","7","https://www.roblox.com/catalog/8493911053","https://tr.rbxcdn.com/180DAY-1b27d01c8c49ff9d855d23f225b797fa/420/420/Pants/Png/noFilter","#585857","#82827F","#E8E7E2","self"
"5234105086","1910s Grey Day Coat [W] [B]","bottom","feminine","Style Abby","7","https://www.roblox.com/catalog/5234105086",,,,,"pair-top"
"8165732367","SA │ WW1 Taffeta Ruffle Frock (Red)","bottom","feminine","Style Abby","7","https://www.roblox.com/catalog/8165732367",,,,,"pair-top"
"8165778401","SA │ WW1 Taffeta Ruffle Frock (Pink)","top","feminine","Style Abby","7","https://www.roblox.com/catalog/8165778401","https://tr.rbxcdn.com/180DAY-15406004bb4ca329396d4ac7ef1792d4/420/420/Shirt/Png/noFilter","#A15E6A","#8A8483","#D78392","self"
"4659228516","1900s Crimson Walking Ensemble [W] [B]","bottom","feminine","Style Abby","10","https://www.roblox.com/catalog/4659228516",,,,,"pair-top"
"5234129534","1910s Grey Day Coat [W] [T]","top","feminine","Style Abby","7","https://www.roblox.com/catalog/5234129534","https://tr.rbxcdn.com/180DAY-d2373545762a21e349d96bb9273a5c9d/420/420/Shirt/Png/noFilter","#838382","#2C2C2C","#656564","self"
"4382971579","1900s Decorated Promenade Dress [Blush] [W] ","bottom","feminine","Style Abby","10","https://www.roblox.com/catalog/4382971579",,,,,"pair-top"
"3011534806","1900s Dry Sage Lace Evening Gown [B]","bottom","feminine","Style Abby","10","https://www.roblox.com/catalog/3011534806",,,,,"pair-top"
"7760755170","SA │ WW1 GB Red Cross Nurses Coat","bottom","feminine","Style Abby","7","https://www.roblox.com/catalog/7760755170","https://tr.rbxcdn.com/180DAY-6d5573b7686e109ec4c562de3d439e4e/420/420/Pants/Png/noFilter","#241F32","#83817F","#655B61","self"
"7995662540","SA │ WW1 Cutaway Frock (Brown)","top","feminine","Style Abby","7","https://www.roblox.com/catalog/7995662540","https://tr.rbxcdn.com/180DAY-56325563c4b7165bb08537b123e8612e/420/420/Shirt/Png/noFilter","#3B261D","#83827E","#60564E","self"
"4506172182","1900s Sage Dainty Daysuit [W] [T]","top","feminine","Style Abby","7","https://www.roblox.com/catalog/4506172182","https://tr.rbxcdn.com/180DAY-a9e9514be2882621dcab4ebcb9635d2a/420/420/Shirt/Png/noFilter","#52594E","#7D8079","#2E2F2D","self"
"11822617131","SA | Edwardian Garden Party Gown","bottom","feminine","Style Abby","7","https://www.roblox.com/catalog/11822617131","https://tr.rbxcdn.com/180DAY-bbbedc4e14fb799a9199253fb9a10871/420/420/Pants/Png/noFilter","#858481","#E9E9E4","#5C5C5A","self"
"8493897765","SA │ WW1 Striped Buttoned Skirt (Red)","bottom","feminine","Style Abby","7","https://www.roblox.com/catalog/8493897765","https://tr.rbxcdn.com/180DAY-b6824ac71d162c2b870362b82ccff70f/420/420/Pants/Png/noFilter","#541312","#86817E","#E8E7E2","self"
"5770036563","1950s Lily Anne Jacket [W] [T]","top","feminine","Style Abby","7","https://www.roblox.com/catalog/5770036563","https://tr.rbxcdn.com/180DAY-12ed2218c6540d98c316eaa5f900aa35/420/420/Shirt/Png/noFilter","#868582","#EAE9E9","#61615F","self"
"8635481708","SA │ WW1 Half Pleated Cotton Skirt (Navy)","bottom","feminine","Style Abby","7","https://www.roblox.com/catalog/8635481708","https://tr.rbxcdn.com/180DAY-169795a9431c0dbbaa44ee91bbd38ece/420/420/Pants/Png/noFilter","#1A1B23","#848381","#E8E7E2","self"
"4382969600","1900s Decorated Promenade Dress [Mourning] [W] [B]","bottom","feminine","Style Abby","10","https://www.roblox.com/catalog/4382969600",,,,,"pair-top"
"3878366799","1950s Black Spiderweb Skirt","bottom","feminine","Style Abby","10","https://www.roblox.com/catalog/3878366799","https://tr.rbxcdn.com/180DAY-ef9985febf07ded13b7efbfac58da944/420/420/Pants/Png/noFilter","#191919","#838380","#E8E7E2","self"
"8648557120","SA │ WW1 Promenade Frock (Storm Grey)","top","feminine","Style Abby","7","https://www.roblox.com/catalog/8648557120","https://tr.rbxcdn.com/180DAY-a4c89eb0d26c84ce3a1566327818a60b/420/420/Shirt/Png/noFilter","#55575F","#7F8083","#E8E6E2","self"
"4506168061","1900s Purple Dainty Daysuit [W] [B]","bottom","feminine","Style Abby","7","https://www.roblox.com/catalog/4506168061","https://tr.rbxcdn.com/180DAY-a0d37ef26519a3e9bea614602af8e03f/420/420/Pants/Png/noFilter","#3A2343","#848281","#615666","self"
"3739292969","1950s Crepe Black Dining Gown","bottom","feminine","Style Abby","25","https://www.roblox.com/catalog/3739292969","https://tr.rbxcdn.com/180DAY-88efbae45422d6d97fdc4d1415f31a5e/420/420/Pants/Png/noFilter","#1A1A1A","#848481","#E8E7E2","self"
"4575959469","1900s Silver Refulgent Gown [W] [B] ","bottom","feminine","Style Abby","10","https://www.roblox.com/catalog/4575959469","https://tr.rbxcdn.com/180DAY-17c1a09e79aea35646edda926784a7b9/420/420/Pants/Png/noFilter","#171A21","#878785","#5D5E61","self"
"890316374","1960s Red Women's Swim Shorts","bottom","feminine","Style Abby","5","https://www.roblox.com/catalog/890316374","https://tr.rbxcdn.com/180DAY-50d0ae7b2adac75f012d027d7401730b/420/420/Pants/Png/noFilter","#86827F","#783534","#E8E7E2","self"
"5163272623","1910s Cozy Day Ensemble [W] [B]","bottom","feminine","Style Abby","7","https://www.roblox.com/catalog/5163272623",,,,,"pair-top"
"816261051","1920's Simple Tangerine Dotted Day Gown","bottom","feminine","Style Abby","6","https://www.roblox.com/catalog/816261051","https://tr.rbxcdn.com/180DAY-c463a452603d8aba1da040b57600dbf1/420/420/Pants/Png/noFilter","#955A28","#8D8781","#EAE9E4","self"
"5234109983","1910s Pink Day Coat [W] [B]","bottom","feminine","Style Abby","7","https://www.roblox.com/catalog/5234109983","https://tr.rbxcdn.com/180DAY-39b2aa04e2fd576c36748f419405d419/420/420/Pants/Png/noFilter","#9E717C","#2F2B2D","#767574","self"
"3936128686","1900s Red Bowtied Evening Gown [T]","top","feminine","Style Abby","10","https://www.roblox.com/catalog/3936128686","https://tr.rbxcdn.com/180DAY-79d36defe1e24700b987e2a7586d0ca7/420/420/Shirt/Png/noFilter","#652C1C","#1E1716","#84827E","self"
"8165723555","SA │ WW1 Taffeta Ruffle Frock (Crimson)","bottom","feminine","Style Abby","7","https://www.roblox.com/catalog/8165723555",,,,,"pair-top"
"890318175","1960s Pink Blouse","top","feminine","Style Abby","6","https://www.roblox.com/catalog/890318175","https://tr.rbxcdn.com/180DAY-ef3f3f06158cc51d6ccd64b19fc086fc/420/420/Shirt/Png/noFilter","#868582","#EAE6E8","#5C5C5A","self"
"3009350904","1900s Deep Red Calling Gown [T]","top","feminine","Style Abby","7","https://www.roblox.com/catalog/3009350904","https://tr.rbxcdn.com/180DAY-4f59ab43e8e5e47ce76f6882d97c0537/420/420/Shirt/Png/noFilter","#613126","#867F7C","#834A3E","self"
"4829823296","1900s Silk Nightgown [W] [T]","top","feminine","Style Abby","7","https://www.roblox.com/catalog/4829823296","https://tr.rbxcdn.com/180DAY-d63611d96c26fde1a401e9c8dc429d4c/420/420/Shirt/Png/noFilter","#858481","#EAEAE9","#5C5C5A","self"
"5322107212","1910s Black Striped Swimsuit [W] [B]","bottom","feminine","Style Abby","7","https://www.roblox.com/catalog/5322107212",,,,,"pair-top"
"8165786433","SA │ WW1 Taffeta Ruffle Frock (Salmon)","top","feminine","Style Abby","7","https://www.roblox.com/catalog/8165786433","https://tr.rbxcdn.com/180DAY-b1ef20d15cf574210c834ef7a91acffa/420/420/Shirt/Png/noFilter","#86685B","#8E8983","#BC8F7D","self"
"890313592","1960s VVine Mini Skirt","bottom","feminine","Style Abby","6","https://www.roblox.com/catalog/890313592","https://tr.rbxcdn.com/180DAY-73d47ffae57035a0e7b599b1bbea45fc/420/420/Pants/Png/noFilter","#1B1313","#858481","#E8E7E2","self"
"8263133380","SA │ WW1 Cotton Contrast Frock (Blue)","top","feminine","Style Abby","7","https://www.roblox.com/catalog/8263133380","https://tr.rbxcdn.com/180DAY-6da7c663e55c47a42ee99fbeade39e78/420/420/Shirt/Png/noFilter","#333048","#848180","#4F4D67","self"
"7994722719","SA │ WW1 Percale Fur Trim Frock (B&W)","bottom","feminine","Style Abby","7","https://www.roblox.com/catalog/7994722719","https://tr.rbxcdn.com/180DAY-4cf39f1787e017d6a45d87fc7d898860/420/420/Pants/Png/noFilter","#807F7F","#272727","#505050","self"
"4659096454","1900s Brown Walking Ensemble [W] [T]","top","feminine","Style Abby","10","https://www.roblox.com/catalog/4659096454","https://tr.rbxcdn.com/180DAY-6da4189351cc87042d392720937bc5ef/420/420/Shirt/Png/noFilter","#755E4A","#8B8379","#E8E6E2","self"
"3936095407","1900s Blush Bowtied Evening Gown [B]","bottom","feminine","Style Abby","10","https://www.roblox.com/catalog/3936095407",,,,,"pair-top"
"9482566192","SA | WW1 Beaded Beauty Evening Gown (Cobalt)","bottom","feminine","Style Abby","7","https://www.roblox.com/catalog/9482566192",,,,,"pair-top"
"5770012703","1950s Blue Button Daydress [W] [B]","bottom","feminine","Style Abby","7","https://www.roblox.com/catalog/5770012703","https://tr.rbxcdn.com/180DAY-b71549016a5363d85a2d65f798b53f67/420/420/Pants/Png/noFilter","#253959","#808282","#505F74","self"
"84480987455040","SA | Tied Silk Tea Gown (Pink)","bottom","feminine","Style Abby","7","https://www.roblox.com/catalog/84480987455040","https://tr.rbxcdn.com/180DAY-74263bcbd22132397cb86fa769f66351/420/420/Pants/Png/noFilter","#A29498","#7B7B77","#E9E9E4","self"
"9598937583","SA | WW1 Sumptuous Silk Evening Gown","bottom","feminine","Style Abby","7","https://www.roblox.com/catalog/9598937583","https://tr.rbxcdn.com/180DAY-cf6f7a126ae6d9639f5f89a3c14fcd63/420/420/Pants/Png/noFilter","#202020","#848381","#E8E7E3","self"
"3011533675","1900s Dry Sage Lace Evening Gown [T]","top","feminine","Style Abby","10","https://www.roblox.com/catalog/3011533675","https://tr.rbxcdn.com/180DAY-055f1547ef60c5525938f1da69e376d8/420/420/Shirt/Png/noFilter","#526056","#818680","#313833","self"
"4661661833","1900s Steel Blue Walking Ensemble [W] [T]","top","feminine","Style Abby","10","https://www.roblox.com/catalog/4661661833","https://tr.rbxcdn.com/180DAY-8a2885db07b626b67af12ed450b4a928/420/420/Shirt/Png/noFilter","#2E3551","#808180","#50566D","self"
"5139380363","1910s Robe de Impéria [W] [B]","bottom","feminine","Style Abby","7","https://www.roblox.com/catalog/5139380363","https://tr.rbxcdn.com/180DAY-19fcaf7b62bd29cca2ec834c17bf5411/420/420/Pants/Png/noFilter","#8B6875","#EBEAE4","#998E90","self"
"8263122381","SA │ WW1 Cotton Contrast Frock (Blue)","bottom","feminine","Style Abby","7","https://www.roblox.com/catalog/8263122381",,,,,"pair-top"
"6097688982","1910s White Bowtied Coat w Gloves [W] [T]","top","feminine","Style Abby","7","https://www.roblox.com/catalog/6097688982","https://tr.rbxcdn.com/180DAY-89583a5b706fb6a75ff80759e5ca67d8/420/420/Shirt/Png/noFilter","#848482","#E5E4E1","#5B5B5A","self"
"4941892717","1930s Noir Mantle [W] [T]","top","feminine","Style Abby","7","https://www.roblox.com/catalog/4941892717","https://tr.rbxcdn.com/180DAY-8c8cb1dd1a5f6b66214d6bf1e4544472/420/420/Shirt/Png/noFilter","#323232","#7F7F7C","#595958","self"
"8635479898","SA │ WW1 Half Pleated Cotton Skirt (Light Brown)","bottom","feminine","Style Abby","7","https://www.roblox.com/catalog/8635479898","https://tr.rbxcdn.com/180DAY-b06b3cf0402729563e15f7a7e61a1129/420/420/Pants/Png/noFilter","#4A392A","#84827F","#E8E7E2","self"
"6097688993","1910s White Bowtied Coat [W] [T]","top","feminine","Style Abby","7","https://www.roblox.com/catalog/6097688993","https://tr.rbxcdn.com/180DAY-6c635493ca208863fbd9285b1c9761a5/420/420/Shirt/Png/noFilter","#848482","#E5E4E1","#5C5C5A","self"
"4941875266","1930s Red Belted Daydress [W] [B]","bottom","feminine","Style Abby","7","https://www.roblox.com/catalog/4941875266",,,,,"pair-top"
"3009349346","1900s Pastel Yellow Calling Gown [T]","top","feminine","Style Abby","7","https://www.roblox.com/catalog/3009349346","https://tr.rbxcdn.com/180DAY-0d3cd8be496e4ed8e0d3eadd5e07319b/420/420/Shirt/Png/noFilter","#AA9E65","#848380","#E7D68A","self"
"8648479365","SA │ WW1 Promenade Frock (Grey)","bottom","feminine","Style Abby","7","https://www.roblox.com/catalog/8648479365",,,,,"pair-top"
"5234277076","1910s Golden Rose Evening Gown [W] [T]","top","feminine","Style Abby","10","https://www.roblox.com/catalog/5234277076","https://tr.rbxcdn.com/180DAY-c231e37ef9f17ebe5d3b2cb76d6be1b1/420/420/Shirt/Png/noFilter","#713828","#86847F","#885440","self"
"8165790540","SA │ WW1 Taffeta Ruffle Frock (White)","top","feminine","Style Abby","7","https://www.roblox.com/catalog/8165790540","https://tr.rbxcdn.com/180DAY-13d752858e72e7a448a008997554d817/420/420/Shirt/Png/noFilter","#858583","#E6E6E3","#5C5C5A","self"
"5322105769","1910s Blue Striped Swimsuit [W] [T]","top","feminine","Style Abby","7","https://www.roblox.com/catalog/5322105769","https://tr.rbxcdn.com/180DAY-b9edb93b4db994ce2104a2bb6981ee2d/420/420/Shirt/Png/noFilter","#34374E","#838281","#E8E6E2","self"
"4689494789","1930s Black HarIow Evening Gown [W] [T]","top","feminine","Style Abby","10","https://www.roblox.com/catalog/4689494789","https://tr.rbxcdn.com/180DAY-339d4eeb93b16a72f6215e2c68d978a5/420/420/Shirt/Png/noFilter","#848381","#2A2A2A","#E8E7E2","self"
"7995659101","SA │ WW1 Cutaway Frock (Black)","top","feminine","Style Abby","7","https://www.roblox.com/catalog/7995659101","https://tr.rbxcdn.com/180DAY-b682af329b44461fccc206ccb3708717/420/420/Shirt/Png/noFilter","#191919","#838280","#50504F","self"
"10326978992","SA | The AIR POCKETS!!! Gown","bottom","feminine","Style Abby","7","https://www.roblox.com/catalog/10326978992","https://tr.rbxcdn.com/180DAY-7d8beeec13991155aa262ba3b5e26ec2/420/420/Pants/Png/noFilter","#858481","#E8E6E2","#5C5C5A","self"
"890313857","1960s Black Mini Skirt","bottom","feminine","Style Abby","6","https://www.roblox.com/catalog/890313857","https://tr.rbxcdn.com/180DAY-03928b805dc167e20d562bf7ee6469d6/420/420/Pants/Png/noFilter","#121212","#858582","#E8E7E2","self"
"5234088215","1910s Velvet Lined Coat w/ Gloves [W] [T]","top","feminine","Style Abby","7","https://www.roblox.com/catalog/5234088215","https://tr.rbxcdn.com/180DAY-fcdeb56c5493f41eff5be5fbf1fac1c7/420/420/Shirt/Png/noFilter","#252525","#838280","#595957","self"
"9224512202","SA | WW1 Cascading Evening Gown (Rose)","top","feminine","Style Abby","7","https://www.roblox.com/catalog/9224512202","https://tr.rbxcdn.com/180DAY-27e800df5dde1bccc29d1a7bed099d24/420/420/Shirt/Png/noFilter","#774F56","#8D7D7F","#E8E6E2","self"
"9224439954","SA | WW1 Cascading Evening Gown (Cobalt)","bottom","feminine","Style Abby","7","https://www.roblox.com/catalog/9224439954",,,,,"pair-top"
"5770034774","1950s Red Button Daydress [W] [T]","top","feminine","Style Abby","7","https://www.roblox.com/catalog/5770034774","https://tr.rbxcdn.com/180DAY-4345d0ae150828630f83a2e29d65ef70/420/420/Shirt/Png/noFilter","#8D3636","#888582","#BD4949","self"
"4311167536","1900s White Seaside Dress [W] [T]","top","feminine","Style Abby","7","https://www.roblox.com/catalog/4311167536","https://tr.rbxcdn.com/180DAY-d8cf9db2c103ed4d33258ec00e94a8ea/420/420/Shirt/Png/noFilter","#908483","#E9E7E6","#676664","self"
"4629389257","1900s Blush Walking Ensemble [W] [B]","bottom","feminine","Style Abby","7","https://www.roblox.com/catalog/4629389257","https://tr.rbxcdn.com/180DAY-eaca47f8916d2c0cf026e25152f204d4/420/420/Pants/Png/noFilter","#9E807D","#EBE9E4","#C49996","self"
"110590188006312","Skirt","top","feminine","Avrenzi","5","https://www.roblox.com/catalog/110590188006312","https://tr.rbxcdn.com/180DAY-b9733fa01bf90934a4fc77a20c219f6f/420/420/Shirt/Png/noFilter","#411313","#86827F","#593F3E","self"
"98106825338663","Black Skirt","bottom","feminine","Avrenzi","5","https://www.roblox.com/catalog/98106825338663","https://tr.rbxcdn.com/180DAY-6838769a96a4993ce2e915a6532ac22c/420/420/Pants/Png/noFilter","#848380","#181818","#E8E7E2","self"
"88540833018770","Skirt","bottom","feminine","Avrenzi","5","https://www.roblox.com/catalog/88540833018770","https://tr.rbxcdn.com/180DAY-cdfd9d05573684831e9c83ca6c664930/420/420/Pants/Png/noFilter","#84817F","#503534","#E8E7E2","self"
"105538391602602","Valentine Skirt","top","feminine","Avrenzi","5","https://www.roblox.com/catalog/105538391602602","https://tr.rbxcdn.com/180DAY-ac316372d9fab6c50101a1a45d9751c4/420/420/Shirt/Png/noFilter","#805047","#898480","#E7E5E0","self"
"133059319750325","Stargazer Skirt","bottom","feminine","Avrenzi","5","https://www.roblox.com/catalog/133059319750325","https://tr.rbxcdn.com/180DAY-109eb6ba342cf26c1b142aef159cddca/420/420/Pants/Png/noFilter","#878583","#131213","#E8E7E2","self"
"91721608475379","Blue Orchard Stripes Skirt","bottom","feminine","Avrenzi","5","https://www.roblox.com/catalog/91721608475379","https://tr.rbxcdn.com/180DAY-277937a9550714695d080cc3cea02ba7/420/420/Pants/Png/noFilter","#848586","#738FB4","#E8E7E2","self"
"75759177393196","Valentine Skirt","bottom","feminine","Avrenzi","5","https://www.roblox.com/catalog/75759177393196",,,,,"pair-top"
"12165232956","[𝙇𝙑] Woman Outfit | -","bottom","feminine","Avrenzi","7","https://www.roblox.com/catalog/12165232956",,,,,"pair-top"
"12165222620","[𝙇𝙑] Woman Outfit | +","top","feminine","Avrenzi","7","https://www.roblox.com/catalog/12165222620","https://tr.rbxcdn.com/180DAY-829aea100379a67038823e12e9be1a8e/420/420/Shirt/Png/noFilter","#8F4535","#84827F","#2B2722","self"
"135178122938656","Summer y2k girl","bottom","feminine","Avrenzi","5","https://www.roblox.com/catalog/135178122938656","https://tr.rbxcdn.com/180DAY-b2fd9861b79f2a460282e72cef899048/420/420/Pants/Png/noFilter","#363334","#83827F","#E8E7E2","self"
"93320878139697","Blue Star-Spangled Banner Skirt","bottom","feminine","Avrenzi","5","https://www.roblox.com/catalog/93320878139697","https://tr.rbxcdn.com/180DAY-c5dd4336af2217b8d9fb9b933d8fbac9/420/420/Pants/Png/noFilter","#848481","#223250","#E8E7E2","self"
"13705165768","[𝓛] ""Female Hawaiian"" | +","top","feminine","Avrenzi","5","https://www.roblox.com/catalog/13705165768","https://tr.rbxcdn.com/180DAY-7a719c3c80589c6becf91bf6d04ce5c4/420/420/Shirt/Png/noFilter","#898A85","#E5E2DB","#AAA197","self"
"94707554680321","Black Denim Skirt & Boots","bottom","feminine","Avrenzi","5","https://www.roblox.com/catalog/94707554680321","https://tr.rbxcdn.com/180DAY-8d14675ff12461a0280978311c71c961/420/420/Pants/Png/noFilter","#1B1B1C","#838380","#3E3E3D","self"
"209285894","Kestrel Red Female Formal Vest, Top","top","feminine","Kestrel","1","https://www.roblox.com/catalog/209285894","https://tr.rbxcdn.com/180DAY-def60a928f5921a69708fdc2f0bb361f/420/420/Shirt/Png/noFilter","#6E6E6E","#613131","#8C8A88","self"
"152249995","Pink Floral Bustier top w/ flowy high low skirt","bottom","feminine","Kestrel","1","https://www.roblox.com/catalog/152249995","https://tr.rbxcdn.com/180DAY-52e122245d7e32ee8548861920c0fd26/420/420/Pants/Png/noFilter","#957B7C","#E8E7E2","#774E3A","self"
"179184062","Floral Kimono Split Gown w/ White Angelic Dress","bottom","feminine","Kestrel","1","https://www.roblox.com/catalog/179184062","https://tr.rbxcdn.com/180DAY-40af83645be213563cc04fbb269811da/420/420/Pants/Png/noFilter","#81827F","#4C4D49","#242323","self"
"147379864","Kestrel ® Female Intern Uniform","top","feminine","Kestrel","1","https://www.roblox.com/catalog/147379864","https://tr.rbxcdn.com/180DAY-5ac79e7b39a9a7ef3d4ec5998f13d1da/420/420/Shirt/Png/noFilter","#6F5E48","#89837A","#42392E","self"
"147380444","Kestrel ® Female Intern Uniform","bottom","feminine","Kestrel","1","https://www.roblox.com/catalog/147380444",,,,,"pair-top"
"126547127","Kestrel- Sapphire Blue Chiffon Blouse","top","feminine","Kestrel","1","https://www.roblox.com/catalog/126547127","https://tr.rbxcdn.com/180DAY-a9fb0e0ec28357ddb3fa3332d9a15755/420/420/Shirt/Png/noFilter","#202459","#848484","#383F80","self"
"209285832","Kestrel Green Female Formal Vest, Top","top","feminine","Kestrel","1","https://www.roblox.com/catalog/209285832","https://tr.rbxcdn.com/180DAY-b4d9e838dc6d9e264c1a0a13114bf376/420/420/Shirt/Png/noFilter","#6E6E6D","#2C4121","#8A8A88","self"
"145392038","Kestrel - Gold sparkle tube with white high skirt","bottom","feminine","Kestrel","1","https://www.roblox.com/catalog/145392038","https://tr.rbxcdn.com/180DAY-3fe8ff222c9bd0e773ce75506faa078b/420/420/Pants/Png/noFilter","#867E74","#E8E7E2","#57514C","self"
"158133501","Light Blue Blouse with Pink Chiffon & V Waist line","bottom","feminine","Kestrel","1","https://www.roblox.com/catalog/158133501","https://tr.rbxcdn.com/180DAY-761b055e7cc389f3ad32da8a5b937558/420/420/Pants/Png/noFilter","#8C98A9","#9A6360","#818180","self"
"222842560","Kestrel - B&W Plaid Women's Suit Top","top","feminine","Kestrel","1","https://www.roblox.com/catalog/222842560","https://tr.rbxcdn.com/180DAY-96b543dc8bb9345fa5ac6b72f961257e/420/420/Shirt/Png/noFilter","#373737","#161616","#5E5E5E","self"
"186940643","Kestrel - Mint Blazer and Skirt, Lower","bottom","feminine","Kestrel","1","https://www.roblox.com/catalog/186940643",,,,,"pair-top"
"202484589","Kestrel- Teal Slit skirt with Boho shirt","bottom","feminine","Kestrel","1","https://www.roblox.com/catalog/202484589","https://tr.rbxcdn.com/180DAY-6b6b859b37ddf53de32610e93daadddb/420/420/Pants/Png/noFilter","#738681","#E9E8E3","#4C6B6F","self"
"127988681","Kestrel - Female Suit","top","feminine","Kestrel","1","https://www.roblox.com/catalog/127988681","https://tr.rbxcdn.com/180DAY-8c51a6c8015a1afb4796d50b8a533caf/420/420/Shirt/Png/noFilter","#161616","#838280","#3F403E","self"
"197374795","Kestrel - Girls Just Wanna Have Fun(ds)","top","feminine","Kestrel","1","https://www.roblox.com/catalog/197374795","https://tr.rbxcdn.com/180DAY-a1ed456b01d8482baab5be6f0db0c963/420/420/Shirt/Png/noFilter","#7C7C7A","#4B4B4B","#E7E6E3","self"
"164662801","Kestrel - Black And White Striped Top With Skirt","bottom","feminine","Kestrel","1","https://www.roblox.com/catalog/164662801","https://tr.rbxcdn.com/180DAY-02d2f5f7d2e4bbd321dd2644e565377a/420/420/Pants/Png/noFilter","#535458","#848481","#1E1E1E","self"
"158184004","[Kestrel] Floral Skirt w/ Blue Bow Shoes","bottom","feminine","Kestrel","1","https://www.roblox.com/catalog/158184004","https://tr.rbxcdn.com/180DAY-a71b9bbf2b65730df4da6ad501def1fa/420/420/Pants/Png/noFilter","#817F7E","#403C46","#E8E7E2","self"
"187746155","Kestrel - Grey Female Suit, Upper","top","feminine","Kestrel","1","https://www.roblox.com/catalog/187746155","https://tr.rbxcdn.com/180DAY-3c6459609222ad30d60ea6517f5d431d/420/420/Shirt/Png/noFilter","#4C4C55","#7A7A7B","#E9E8E3","self"
"229287446","Kestrel - Mint Green Sheer Skirt w Top & Scarf","bottom","feminine","Kestrel","1","https://www.roblox.com/catalog/229287446","https://tr.rbxcdn.com/180DAY-74d3a64842cabdd7d4e30708b6ea8947/420/420/Pants/Png/noFilter","#191919","#858682","#EAEAE5","self"
"187746233","Kestrel - Black Female Suit, Lower","bottom","feminine","Kestrel","1","https://www.roblox.com/catalog/187746233",,,,,"pair-top"
"172116975","Kestrel - Pink Top W Polka Dot Skirt & Combats","bottom","feminine","Kestrel","1","https://www.roblox.com/catalog/172116975","https://tr.rbxcdn.com/180DAY-e989f627825c99dbed17c0b18f831913/420/420/Pants/Png/noFilter","#BA3C65","#868481","#262326","self"
"159216298","Kestrel - Beige bustier with floral dark skirt","bottom","feminine","Kestrel","1","https://www.roblox.com/catalog/159216298","https://tr.rbxcdn.com/180DAY-a43b36a7c58ca83c48b0a1f06dba64fa/420/420/Pants/Png/noFilter","#85817B","#9D9890","#61534A","self"
"145067393","Kestrel - white bustier with green floral skirt","bottom","feminine","Kestrel","1","https://www.roblox.com/catalog/145067393","https://tr.rbxcdn.com/180DAY-b3bc82730f7be4a53b26f0b261081c54/420/420/Pants/Png/noFilter","#8B8A82","#ABA799","#E8E7E2","self"
"200007404","Kestrel - Denim Jacket (dresses)","top","feminine","Kestrel","1","https://www.roblox.com/catalog/200007404","https://tr.rbxcdn.com/180DAY-c04a868b4cff5e20150ef7649fa73f6e/420/420/Shirt/Png/noFilter","#314057","#4F5F73","#82827F","self"
"225503630","Kestrel, Grey Female Business Suit, Top","top","feminine","Kestrel","1","https://www.roblox.com/catalog/225503630","https://tr.rbxcdn.com/180DAY-1a2cb26c5ca9369499b603b72b337761/420/420/Shirt/Png/noFilter","#525251","#80807E","#E8E8E3","self"
"186940578","Kestrel - Mint Blazer and Skirt, Upper","top","feminine","Kestrel","1","https://www.roblox.com/catalog/186940578","https://tr.rbxcdn.com/180DAY-955f3af906a857ccda6d6955ba4bee9d/420/420/Shirt/Png/noFilter","#7D9074","#A8C39D","#5E6C58","self"
"2759260187","Kestrel | Floral Top w/ Blue Skirt and Superstars","bottom","feminine","Kestrel","5","https://www.roblox.com/catalog/2759260187","https://tr.rbxcdn.com/180DAY-7edbd7f7e2235d76b83c302e4ecc2857/420/420/Pants/Png/noFilter","#718A8B","#E8E7E2","#A5A196","self"
"156880314","Kestrel - Woman's Suit - Navy Blue & White","top","feminine","Kestrel","1","https://www.roblox.com/catalog/156880314","https://tr.rbxcdn.com/180DAY-9202c2801498e6dae56530b4c4c12a0d/420/420/Shirt/Png/noFilter","#232F45","#828281","#50565F","self"
"221722235","Kestrel - Hot Cheetah Pink Female Suit Bottom","bottom","feminine","Kestrel","1","https://www.roblox.com/catalog/221722235","https://tr.rbxcdn.com/180DAY-af1c6f0be5295ec84bc6a22f27f97f03/420/420/Pants/Png/noFilter","#7C4477","#887F85","#A25F9E","self"
"125404126","KESTREL - Girls' Galaxy Tank","top","feminine","Kestrel","1","https://www.roblox.com/catalog/125404126","https://tr.rbxcdn.com/180DAY-e3cd8e364d1fe7c7fee135395a88bf07/420/420/Shirt/Png/noFilter","#334059","#807F81","#EAE8E4","self"
"155723855","Kestrel - Blue Vintage Top with Lace Skirt","bottom","feminine","Kestrel","1","https://www.roblox.com/catalog/155723855","https://tr.rbxcdn.com/180DAY-ecf984dfc6cf6f9b6c2fb4fd864f379b/420/420/Pants/Png/noFilter","#86909C","#E8E7E3","#777876","self"
"157667449","Women's suit - Pink","top","feminine","Kestrel","1","https://www.roblox.com/catalog/157667449","https://tr.rbxcdn.com/180DAY-ad1d258dc02b390e6063cdb9d8f1e81e/420/420/Shirt/Png/noFilter","#5D2959","#857D81","#7C4A78","self"
"127988726","Kestrel - Female Suit B","bottom","feminine","Kestrel","1","https://www.roblox.com/catalog/127988726","https://tr.rbxcdn.com/180DAY-30cc1618c1d1eaef1517a97ac5c23ca9/420/420/Pants/Png/noFilter","#353535","#858481","#E8E7E2","self"
"145392112","Navy tube dress with beige skirt and ribbon belt","bottom","feminine","Kestrel","1","https://www.roblox.com/catalog/145392112","https://tr.rbxcdn.com/180DAY-15c0741238fa23bdac356918ee50519b/420/420/Pants/Png/noFilter","#5F5252","#897F7A","#E8E7E2","self"
"149837039","Green & Black Pattern Tube & Irish Kisses Skirt","bottom","feminine","Kestrel","1","https://www.roblox.com/catalog/149837039","https://tr.rbxcdn.com/180DAY-ff8faffe2f452fad5a9c495e59cf4520/420/420/Pants/Png/noFilter","#105823","#818480","#162118","self"
"173650196","Kestrel - Black Lace skirt w/ Polka dot tights","bottom","feminine","Kestrel","1","https://www.roblox.com/catalog/173650196","https://tr.rbxcdn.com/180DAY-83e5adf9af1679c00618831058c81c88/420/420/Pants/Png/noFilter","#4A4948","#1F1D1E","#848381","self"
"149577724","Kestrel - Floral Blouse w Studded HIgh Waist short","bottom","feminine","Kestrel","1","https://www.roblox.com/catalog/149577724","https://tr.rbxcdn.com/180DAY-3376907b742699c540dee93eb674b4e6/420/420/Pants/Png/noFilter","#83878A","#625038","#68686B","self"
"160228460","Kestrel - Rivet Daisy Print Crop T-shirt and Skirt","bottom","feminine","Kestrel","1","https://www.roblox.com/catalog/160228460","https://tr.rbxcdn.com/180DAY-00736785d9b25d92d20b4a7d3a5f8594/420/420/Pants/Png/noFilter","#828280","#202020","#5B5B5A","self"
"141341838","Yellow tube top with chevron draped skirt","bottom","feminine","Kestrel","1","https://www.roblox.com/catalog/141341838","https://tr.rbxcdn.com/180DAY-f8513ff8b57beb94afea531a2f05d3ae/420/420/Pants/Png/noFilter","#9E9E38","#85857E","#393735","self"
"161485024","Kestrel - Denim Skirt With Anklet","bottom","feminine","Kestrel","1","https://www.roblox.com/catalog/161485024","https://tr.rbxcdn.com/180DAY-f531f6f1b2501122f9fb19926b4c0773/420/420/Pants/Png/noFilter","#797F82","#E8E7E2","#4A5960","self"
"209285819","Kestrel Blue Female Formal Vest, Top","top","feminine","Kestrel","1","https://www.roblox.com/catalog/209285819","https://tr.rbxcdn.com/180DAY-0a650a1d42bc66d4229b703293e04a26/420/420/Shirt/Png/noFilter","#6E6E6E","#2B4355","#8A8A88","self"
"125801770","Kestrel - Girls Tank with Cut Sides","bottom","feminine","Kestrel","1","https://www.roblox.com/catalog/125801770","https://tr.rbxcdn.com/180DAY-c007d0507e0f29916a2efda193debddf/420/420/Pants/Png/noFilter","#191A1B","#848481","#343C4C","self"
"156488710","Kestrel - Plaid Blouse with Lace Magenta Skirt","bottom","feminine","Kestrel","1","https://www.roblox.com/catalog/156488710","https://tr.rbxcdn.com/180DAY-c32cf8b570a88fbc12543751fa7ed42d/420/420/Pants/Png/noFilter","#86827F","#972130","#955456","self"
"187746176","Kestrel - Black Female Suit, Upper","top","feminine","Kestrel","1","https://www.roblox.com/catalog/187746176","https://tr.rbxcdn.com/180DAY-13885f41961bc2a3daac84d6eae488e2/420/420/Shirt/Png/noFilter","#1F1F1F","#83817E","#4B4743","self"
"225503619","Kestrel, Blue Female Business Suit, Top","top","feminine","Kestrel","1","https://www.roblox.com/catalog/225503619","https://tr.rbxcdn.com/180DAY-7202f8e27a3d6475666ef7737e6cd435/420/420/Shirt/Png/noFilter","#2B536D","#838482","#427397","self"
"142835003","Kestrel ® Female Barista Uniform","top","feminine","Kestrel","1","https://www.roblox.com/catalog/142835003","https://tr.rbxcdn.com/180DAY-32fd474fe5c3eef1769648bae9747e4e/420/420/Shirt/Png/noFilter","#848382","#71634F","#4D4439","self"
"157667226","Women's suit - Black","top","feminine","Kestrel","1","https://www.roblox.com/catalog/157667226","https://tr.rbxcdn.com/180DAY-987c214ae4f0c9116b9dd24f6f1bc8e2/420/420/Shirt/Png/noFilter","#141414","#7E7E7B","#3E3E3E","self"
"150402439","Kestrel - Cutout Black & White Striped Blouse","top","feminine","Kestrel","1","https://www.roblox.com/catalog/150402439","https://tr.rbxcdn.com/180DAY-98f2d3f72ad4110b400d4b0db221e87f/420/420/Shirt/Png/noFilter","#3E3E44","#848381","#645F65","self"
"148741705","White lace romper dress with floral drape skirt","bottom","feminine","Kestrel","1","https://www.roblox.com/catalog/148741705","https://tr.rbxcdn.com/180DAY-ecb2711805bf0b7a146c03a866927cba/420/420/Pants/Png/noFilter","#8B8782","#4A4446","#E8E7E2","self"
"286637554","Dress for Ladies","bottom","feminine","Blox Channel","10","https://www.roblox.com/catalog/286637554","https://tr.rbxcdn.com/180DAY-9e2b895f62b75d2cddd1e8f81dcf1615/420/420/Pants/Png/noFilter","#81817F","#1B1719","#EAE9E4","self"
"277730963","Grid Skirt","bottom","feminine","Blox Channel","15","https://www.roblox.com/catalog/277730963","https://tr.rbxcdn.com/180DAY-0c0b35a0b6a490b2b3fe1c2aa47b86c6/420/420/Pants/Png/noFilter","#858481","#E8E7E2","#5C5C5A","self"
"472866861","Off The Shoulder Flannel For Girls","top","feminine","Blox Channel","10","https://www.roblox.com/catalog/472866861","https://tr.rbxcdn.com/180DAY-d97d49fd07e052901779987b1dbf1837/420/420/Shirt/Png/noFilter","#897978","#724E51","#4A2B17","self"
"290680560","[YPS] Black Tank w/ Red Skirt.","bottom","feminine","Blox Channel","1","https://www.roblox.com/catalog/290680560","https://tr.rbxcdn.com/180DAY-ff4a2e05ec45efe3db3a622fdf7e940a/420/420/Pants/Png/noFilter","#84827E","#1E1C1D","#771418","self"
"473063263","Watermelon Halter With White Cheerleader Skirt","bottom","feminine","Blox Channel","7","https://www.roblox.com/catalog/473063263","https://tr.rbxcdn.com/180DAY-b05e3516bdbdd9527f50a0fdbeda774e/420/420/Pants/Png/noFilter","#918683","#B46B6E","#E9E8E3","self"
"190846462","Blox Channel Magazine ® Tank Top with Blouse","top","feminine","Blox Channel","1","https://www.roblox.com/catalog/190846462","https://tr.rbxcdn.com/180DAY-a0941399c7ad6126c22a672a7d021071/420/420/Shirt/Png/noFilter","#A79E95","#83817E","#242423","self"
"642959787","Blox Channel Women's Sweater Purple","top","feminine","Blox Channel","7","https://www.roblox.com/catalog/642959787","https://tr.rbxcdn.com/180DAY-f0d68c516e2e5612a79650916e74727e/420/420/Shirt/Png/noFilter","#878AB9","#828182","#B2B8F4","self"
"287848951","[YPS] Girls don't wear shorts!","bottom","feminine","Blox Channel","1","https://www.roblox.com/catalog/287848951","https://tr.rbxcdn.com/180DAY-cfb3e379ceca5b178338a9afeeb60ab9/420/420/Pants/Png/noFilter","#818383","#121212","#474745","self"
"191247425","Blox Channel Magazine ® Floural Blouse with Jeans","bottom","feminine","Blox Channel","5","https://www.roblox.com/catalog/191247425","https://tr.rbxcdn.com/180DAY-066b9c6d5505937bd34a59be231a5a0b/420/420/Pants/Png/noFilter","#8F8883","#6E5340","#EBE9E3","self"
"364488489","[CB®] The K-Jee Woman [Top]","top","feminine","Casablanca","10","https://www.roblox.com/catalog/364488489","https://tr.rbxcdn.com/180DAY-ea4113fcbbe0e8ec1ae6d57fcf523f85/420/420/Shirt/Png/noFilter","#6A1919","#857E7C","#6E4644","self"
"347356183","[CB®] Grey Woman Business Suit [Bottom]","bottom","feminine","Casablanca","10","https://www.roblox.com/catalog/347356183",,,,,"pair-top"
"347377418","[CB®] Blue Woman's Formal Suit [Top]","top","feminine","Casablanca","10","https://www.roblox.com/catalog/347377418","https://tr.rbxcdn.com/180DAY-a58161d65fa62334377910efcb9dfb09/420/420/Shirt/Png/noFilter","#2C3256","#82807C","#535766","self"
"364488616","[CB®] The K-Jee Woman [Bottom]","bottom","feminine","Casablanca","10","https://www.roblox.com/catalog/364488616",,,,,"pair-top"
"360056909","[CB®] Ladies Dress Gloves","top","feminine","Casablanca","10","https://www.roblox.com/catalog/360056909","https://tr.rbxcdn.com/180DAY-700cbc384aff644e9159d1eb863a0b41/420/420/Shirt/Png/noFilter","#878683","#E8E7E2","#5C5C5A","self"
"386047404","[CB®] Glamorous Girl [Bottom]","bottom","feminine","Casablanca","10","https://www.roblox.com/catalog/386047404",,,,,"pair-top"
"347356075","[CB®] Grey Woman Business Suit [Top]","top","feminine","Casablanca","10","https://www.roblox.com/catalog/347356075","https://tr.rbxcdn.com/180DAY-88db9c411b261ba4dab333d9380988d7/420/420/Shirt/Png/noFilter","#575756","#7F7F7E","#2D2D2D","self"
"360647623","[CB®] Violet Woman Business Suit [Bottom]","bottom","feminine","Casablanca","10","https://www.roblox.com/catalog/360647623",,,,,"pair-top"
"347377557","[CB®] Blue Woman's Formal Suit [Bottom]","bottom","feminine","Casablanca","10","https://www.roblox.com/catalog/347377557",,,,,"pair-top"
"360647555","[CB®] Violet Woman Business Suit [Top]","top","feminine","Casablanca","10","https://www.roblox.com/catalog/360647555","https://tr.rbxcdn.com/180DAY-03e99ccd0dcd60e022ff2a3245eb8b23/420/420/Shirt/Png/noFilter","#572D3E","#7F7B7A","#6C4E5B","self"
"386047360","[CB®] Glamorous Girl [Top]","top","feminine","Casablanca","10","https://www.roblox.com/catalog/386047360","https://tr.rbxcdn.com/180DAY-257c24983dc86dd3e5c702a0a8471cbb/420/420/Shirt/Png/noFilter","#56100F","#84807C","#624945","self"
