"groupId","groupName","outfitKey","topId","topName","topPrice","bottomId","bottomName","bottomPrice","priceTotal","topUrl","bottomUrl"
"15446013","Parkson & Co. Tailors","women s rose red formal suit","10351623081","[PARKSON] Women's Rose Red Formal Suit (Top)","10","10351644702","[PARKSON] Women's Rose Red Formal Suit (Bottom)","10","20","https://www.roblox.com/catalog/10351623081","https://www.roblox.com/catalog/10351644702"
"3211189","Style Abby","1950s tweed tan","5770034670","1950s Tweed Tan Coat [W] [T]","7","5770024215","1950s Tweed Tan Coat [W] [B]","7","14","https://www.roblox.com/catalog/5770034670","https://www.roblox.com/catalog/5770024215"
"3211189","Style Abby","1910s winter blue embroidered frock","5976088527","1910s Winter Blue Embroidered Frock [W] [T]","7","5976087420","1910s Winter Blue Embroidered Frock [W] [B]","7","14","https://www.roblox.com/catalog/5976088527","https://www.roblox.com/catalog/5976087420"
"3211189","Style Abby","sa 10 s draped sash evening gown","132056930677730","SA | 10's Draped Sash Evening Gown","7","123345644712446","SA | 10's Draped Sash Evening Gown","7","14","https://www.roblox.com/catalog/132056930677730","https://www.roblox.com/catalog/123345644712446"
"3211189","Style Abby","sa cotton house frock","9299200976","SA | Cotton House Frock (Cardinal)","7","9299198025","SA | Cotton House Frock (Cardinal)","7","14","https://www.roblox.com/catalog/9299200976","https://www.roblox.com/catalog/9299198025"
"3211189","Style Abby","1900s ocean blue bathing suit","4311169255","1900s Ocean Blue Bathing Suit [W] [T]","5","4311164647","1900s Ocean Blue Bathing Suit [W] [B]","5","10","https://www.roblox.com/catalog/4311169255","https://www.roblox.com/catalog/4311164647"
"3211189","Style Abby","1930s dusty pink belted daydress","4941892466","1930s Dusty Pink Belted Daydress [W] [T]","7","4941870621","1930s Dusty Pink Belted Daydress [W] [B]","7","14","https://www.roblox.com/catalog/4941892466","https://www.roblox.com/catalog/4941870621"
"3211189","Style Abby","1910s blue day frock","4764351331","1910s Blue Day Frock [W] [T]","10","4764352385","1910s Blue Day Frock [W] [B]","10","20","https://www.roblox.com/catalog/4764351331","https://www.roblox.com/catalog/4764352385"
"3211189","Style Abby","1900s red bowtied evening gown","3936128686","1900s Red Bowtied Evening Gown [T]","10","3936098324","1900s Red Bowtied Evening Gown [B]","10","20","https://www.roblox.com/catalog/3936128686","https://www.roblox.com/catalog/3936098324"
"3211189","Style Abby","1900s sage decorated evening gown","4513683402","1900s Sage Decorated Evening Gown [W] [T]","7","4513677294","1900s Sage Decorated Evening Gown [W] [B]","7","14","https://www.roblox.com/catalog/4513683402","https://www.roblox.com/catalog/4513677294"
"3211189","Style Abby","1910s cozy day ensemble","5163245824","1910s Cozy Day Ensemble [W] [T]","7","5163272623","1910s Cozy Day Ensemble [W] [B]","7","14","https://www.roblox.com/catalog/5163245824","https://www.roblox.com/catalog/5163272623"
"3211189","Style Abby","1910s golden rose evening gown","5234277076","1910s Golden Rose Evening Gown [W] [T]","10","5234169553","1910s Golden Rose Evening Gown [W] [B]","10","20","https://www.roblox.com/catalog/5234277076","https://www.roblox.com/catalog/5234169553"
"3211189","Style Abby","1910s black striped swimsuit","5322105365","1910s Black Striped Swimsuit [W] [T]","7","5322107212","1910s Black Striped Swimsuit [W] [B]","7","14","https://www.roblox.com/catalog/5322105365","https://www.roblox.com/catalog/5322107212"
"3211189","Style Abby","1950s red grid button daydress","5770034667","1950s Red Grid Button Daydress [W] [T]","7","5770013247","1950s Red Grid Button Daydress [W] [B]","7","14","https://www.roblox.com/catalog/5770034667","https://www.roblox.com/catalog/5770013247"
"3211189","Style Abby","sa edwardian ladies eton","15628496465","SA | Edwardian Ladies Eton Jacket (Cardinal Red)","7","15628500371","SA | Edwardian Ladies Eton Skirt (Dove Blue)","7","14","https://www.roblox.com/catalog/15628496465","https://www.roblox.com/catalog/15628500371"
"3211189","Style Abby","sa edwardian ladies eton","15628496465","SA | Edwardian Ladies Eton Jacket (Cardinal Red)","7","15628503902","SA | Edwardian Ladies Eton Skirt (Navy)","7","14","https://www.roblox.com/catalog/15628496465","https://www.roblox.com/catalog/15628503902"
"3211189","Style Abby","sa edwardian ladies eton","15628496465","SA | Edwardian Ladies Eton Jacket (Cardinal Red)","7","15628502346","SA | Edwardian Ladies Eton Skirt (Green)","7","14","https://www.roblox.com/catalog/15628496465","https://www.roblox.com/catalog/15628502346"
"3211189","Style Abby","sa edwardian ladies eton","15628496465","SA | Edwardian Ladies Eton Jacket (Cardinal Red)","7","15628505714","SA | Edwardian Ladies Eton Skirt (Cardinal Red)","7","14","https://www.roblox.com/catalog/15628496465","https://www.roblox.com/catalog/15628505714"
"3211189","Style Abby","sa edwardian ladies eton","15628488069","SA | Edwardian Ladies Eton Jacket (Pink)","7","15628500371","SA | Edwardian Ladies Eton Skirt (Dove Blue)","7","14","https://www.roblox.com/catalog/15628488069","https://www.roblox.com/catalog/15628500371"
"3211189","Style Abby","sa edwardian ladies eton","15628488069","SA | Edwardian Ladies Eton Jacket (Pink)","7","15628503902","SA | Edwardian Ladies Eton Skirt (Navy)","7","14","https://www.roblox.com/catalog/15628488069","https://www.roblox.com/catalog/15628503902"
"3211189","Style Abby","sa edwardian ladies eton","15628488069","SA | Edwardian Ladies Eton Jacket (Pink)","7","15628502346","SA | Edwardian Ladies Eton Skirt (Green)","7","14","https://www.roblox.com/catalog/15628488069","https://www.roblox.com/catalog/15628502346"
"3211189","Style Abby","sa edwardian ladies eton","15628488069","SA | Edwardian Ladies Eton Jacket (Pink)","7","15628505714","SA | Edwardian Ladies Eton Skirt (Cardinal Red)","7","14","https://www.roblox.com/catalog/15628488069","https://www.roblox.com/catalog/15628505714"
"3211189","Style Abby","sa edwardian ladies eton","15628490570","SA | Edwardian Ladies Eton Jacket (Dove Blue)","7","15628500371","SA | Edwardian Ladies Eton Skirt (Dove Blue)","7","14","https://www.roblox.com/catalog/15628490570","https://www.roblox.com/catalog/15628500371"
"3211189","Style Abby","sa edwardian ladies eton","15628490570","SA | Edwardian Ladies Eton Jacket (Dove Blue)","7","15628503902","SA | Edwardian Ladies Eton Skirt (Navy)","7","14","https://www.roblox.com/catalog/15628490570","https://www.roblox.com/catalog/15628503902"
"3211189","Style Abby","sa edwardian ladies eton","15628490570","SA | Edwardian Ladies Eton Jacket (Dove Blue)","7","15628502346","SA | Edwardian Ladies Eton Skirt (Green)","7","14","https://www.roblox.com/catalog/15628490570","https://www.roblox.com/catalog/15628502346"
"3211189","Style Abby","sa edwardian ladies eton","15628490570","SA | Edwardian Ladies Eton Jacket (Dove Blue)","7","15628505714","SA | Edwardian Ladies Eton Skirt (Cardinal Red)","7","14","https://www.roblox.com/catalog/15628490570","https://www.roblox.com/catalog/15628505714"
"3211189","Style Abby","sa edwardian ladies eton","15628492536","SA | Edwardian Ladies Eton Jacket (Green)","7","15628500371","SA | Edwardian Ladies Eton Skirt (Dove Blue)","7","14","https://www.roblox.com/catalog/15628492536","https://www.roblox.com/catalog/15628500371"
"3211189","Style Abby","sa edwardian ladies eton","15628492536","SA | Edwardian Ladies Eton Jacket (Green)","7","15628503902","SA | Edwardian Ladies Eton Skirt (Navy)","7","14","https://www.roblox.com/catalog/15628492536","https://www.roblox.com/catalog/15628503902"
"3211189","Style Abby","sa edwardian ladies eton","15628492536","SA | Edwardian Ladies Eton Jacket (Green)","7","15628502346","SA | Edwardian Ladies Eton Skirt (Green)","7","14","https://www.roblox.com/catalog/15628492536","https://www.roblox.com/catalog/15628502346"
"3211189","Style Abby","sa edwardian ladies eton","15628492536","SA | Edwardian Ladies Eton Jacket (Green)","7","15628505714","SA | Edwardian Ladies Eton Skirt (Cardinal Red)","7","14","https://www.roblox.com/catalog/15628492536","https://www.roblox.com/catalog/15628505714"
"3211189","Style Abby","sa edwardian velvet lined cavat frock","11822611317","SA | Edwardian Velvet Lined Cavat Frock","7","11822573333","SA |  Edwardian Velvet Lined Cavat Frock","7","14","https://www.roblox.com/catalog/11822611317","https://www.roblox.com/catalog/11822573333"
"3211189","Style Abby","sa ww1 cascading evening gown","9224509573","SA | WW1 Cascading Evening Gown (Cobalt)","7","9224438327","SA | WW1 Cascading Evening Gown (Cherry)","7","14","https://www.roblox.com/catalog/9224509573","https://www.roblox.com/catalog/9224438327"
"3211189","Style Abby","sa ww1 cascading evening gown","9224509573","SA | WW1 Cascading Evening Gown (Cobalt)","7","9224439954","SA | WW1 Cascading Evening Gown (Cobalt)","7","14","https://www.roblox.com/catalog/9224509573","https://www.roblox.com/catalog/9224439954"
"3211189","Style Abby","sa ww1 cascading evening gown","9224507806","SA | WW1 Cascading Evening Gown (Cherry)","7","9224438327","SA | WW1 Cascading Evening Gown (Cherry)","7","14","https://www.roblox.com/catalog/9224507806","https://www.roblox.com/catalog/9224438327"
"3211189","Style Abby","sa ww1 cascading evening gown","9224507806","SA | WW1 Cascading Evening Gown (Cherry)","7","9224439954","SA | WW1 Cascading Evening Gown (Cobalt)","7","14","https://www.roblox.com/catalog/9224507806","https://www.roblox.com/catalog/9224439954"
"3211189","Style Abby","sa ww1 cascading evening gown","9224512202","SA | WW1 Cascading Evening Gown (Rose)","7","9224438327","SA | WW1 Cascading Evening Gown (Cherry)","7","14","https://www.roblox.com/catalog/9224512202","https://www.roblox.com/catalog/9224438327"
"3211189","Style Abby","sa ww1 cascading evening gown","9224512202","SA | WW1 Cascading Evening Gown (Rose)","7","9224439954","SA | WW1 Cascading Evening Gown (Cobalt)","7","14","https://www.roblox.com/catalog/9224512202","https://www.roblox.com/catalog/9224439954"
"3211189","Style Abby","1910s blue day","5234122929","1910s Blue Day Coat [W] [T]","7","5234098328","1910s Blue Day Coat [W] [B]","7","14","https://www.roblox.com/catalog/5234122929","https://www.roblox.com/catalog/5234098328"
"3211189","Style Abby","sa ww1 taffeta ruffle frock","8165757003","SA │ WW1 Taffeta Ruffle Frock (Blue)","7","8165737732","SA │ WW1 Taffeta Ruffle Frock (White)","7","14","https://www.roblox.com/catalog/8165757003","https://www.roblox.com/catalog/8165737732"
"3211189","Style Abby","sa ww1 taffeta ruffle frock","8165757003","SA │ WW1 Taffeta Ruffle Frock (Blue)","7","8165717937","SA │ WW1 Taffeta Ruffle Frock (Blue)","7","14","https://www.roblox.com/catalog/8165757003","https://www.roblox.com/catalog/8165717937"
"3211189","Style Abby","sa ww1 taffeta ruffle frock","8165757003","SA │ WW1 Taffeta Ruffle Frock (Blue)","7","8165728450","SA │ WW1 Taffeta Ruffle Frock (Purple)","7","14","https://www.roblox.com/catalog/8165757003","https://www.roblox.com/catalog/8165728450"
"3211189","Style Abby","sa ww1 taffeta ruffle frock","8165757003","SA │ WW1 Taffeta Ruffle Frock (Blue)","7","8165732367","SA │ WW1 Taffeta Ruffle Frock (Red)","7","14","https://www.roblox.com/catalog/8165757003","https://www.roblox.com/catalog/8165732367"
"3211189","Style Abby","sa ww1 taffeta ruffle frock","8165757003","SA │ WW1 Taffeta Ruffle Frock (Blue)","7","8165723555","SA │ WW1 Taffeta Ruffle Frock (Crimson)","7","14","https://www.roblox.com/catalog/8165757003","https://www.roblox.com/catalog/8165723555"
"3211189","Style Abby","sa ww1 taffeta ruffle frock","8165759715","SA │ WW1 Taffeta Ruffle Frock (Brown)","7","8165737732","SA │ WW1 Taffeta Ruffle Frock (White)","7","14","https://www.roblox.com/catalog/8165759715","https://www.roblox.com/catalog/8165737732"
"3211189","Style Abby","sa ww1 taffeta ruffle frock","8165759715","SA │ WW1 Taffeta Ruffle Frock (Brown)","7","8165717937","SA │ WW1 Taffeta Ruffle Frock (Blue)","7","14","https://www.roblox.com/catalog/8165759715","https://www.roblox.com/catalog/8165717937"
"3211189","Style Abby","sa ww1 taffeta ruffle frock","8165759715","SA │ WW1 Taffeta Ruffle Frock (Brown)","7","8165728450","SA │ WW1 Taffeta Ruffle Frock (Purple)","7","14","https://www.roblox.com/catalog/8165759715","https://www.roblox.com/catalog/8165728450"
"3211189","Style Abby","sa ww1 taffeta ruffle frock","8165759715","SA │ WW1 Taffeta Ruffle Frock (Brown)","7","8165732367","SA │ WW1 Taffeta Ruffle Frock (Red)","7","14","https://www.roblox.com/catalog/8165759715","https://www.roblox.com/catalog/8165732367"
"3211189","Style Abby","sa ww1 taffeta ruffle frock","8165759715","SA │ WW1 Taffeta Ruffle Frock (Brown)","7","8165723555","SA │ WW1 Taffeta Ruffle Frock (Crimson)","7","14","https://www.roblox.com/catalog/8165759715","https://www.roblox.com/catalog/8165723555"
"3211189","Style Abby","sa ww1 taffeta ruffle frock","8165774884","SA │ WW1 Taffeta Ruffle Frock (Purple)","7","8165737732","SA │ WW1 Taffeta Ruffle Frock (White)","7","14","https://www.roblox.com/catalog/8165774884","https://www.roblox.com/catalog/8165737732"
"3211189","Style Abby","sa ww1 taffeta ruffle frock","8165774884","SA │ WW1 Taffeta Ruffle Frock (Purple)","7","8165717937","SA │ WW1 Taffeta Ruffle Frock (Blue)","7","14","https://www.roblox.com/catalog/8165774884","https://www.roblox.com/catalog/8165717937"
"3211189","Style Abby","sa ww1 taffeta ruffle frock","8165774884","SA │ WW1 Taffeta Ruffle Frock (Purple)","7","8165728450","SA │ WW1 Taffeta Ruffle Frock (Purple)","7","14","https://www.roblox.com/catalog/8165774884","https://www.roblox.com/catalog/8165728450"
"3211189","Style Abby","sa ww1 taffeta ruffle frock","8165774884","SA │ WW1 Taffeta Ruffle Frock (Purple)","7","8165732367","SA │ WW1 Taffeta Ruffle Frock (Red)","7","14","https://www.roblox.com/catalog/8165774884","https://www.roblox.com/catalog/8165732367"
"3211189","Style Abby","sa ww1 taffeta ruffle frock","8165774884","SA │ WW1 Taffeta Ruffle Frock (Purple)","7","8165723555","SA │ WW1 Taffeta Ruffle Frock (Crimson)","7","14","https://www.roblox.com/catalog/8165774884","https://www.roblox.com/catalog/8165723555"
"3211189","Style Abby","sa ww1 taffeta ruffle frock","8165778401","SA │ WW1 Taffeta Ruffle Frock (Pink)","7","8165737732","SA │ WW1 Taffeta Ruffle Frock (White)","7","14","https://www.roblox.com/catalog/8165778401","https://www.roblox.com/catalog/8165737732"
"3211189","Style Abby","sa ww1 taffeta ruffle frock","8165778401","SA │ WW1 Taffeta Ruffle Frock (Pink)","7","8165717937","SA │ WW1 Taffeta Ruffle Frock (Blue)","7","14","https://www.roblox.com/catalog/8165778401","https://www.roblox.com/catalog/8165717937"
"3211189","Style Abby","sa ww1 taffeta ruffle frock","8165778401","SA │ WW1 Taffeta Ruffle Frock (Pink)","7","8165728450","SA │ WW1 Taffeta Ruffle Frock (Purple)","7","14","https://www.roblox.com/catalog/8165778401","https://www.roblox.com/catalog/8165728450"
"3211189","Style Abby","sa ww1 taffeta ruffle frock","8165778401","SA │ WW1 Taffeta Ruffle Frock (Pink)","7","8165732367","SA │ WW1 Taffeta Ruffle Frock (Red)","7","14","https://www.roblox.com/catalog/8165778401","https://www.roblox.com/catalog/8165732367"
"3211189","Style Abby","sa ww1 taffeta ruffle frock","8165778401","SA │ WW1 Taffeta Ruffle Frock (Pink)","7","8165723555","SA │ WW1 Taffeta Ruffle Frock (Crimson)","7","14","https://www.roblox.com/catalog/8165778401","https://www.roblox.com/catalog/8165723555"
"3211189","Style Abby","sa ww1 taffeta ruffle frock","8165786433","SA │ WW1 Taffeta Ruffle Frock (Salmon)","7","8165737732","SA │ WW1 Taffeta Ruffle Frock (White)","7","14","https://www.roblox.com/catalog/8165786433","https://www.roblox.com/catalog/8165737732"
"3211189","Style Abby","sa ww1 taffeta ruffle frock","8165786433","SA │ WW1 Taffeta Ruffle Frock (Salmon)","7","8165717937","SA │ WW1 Taffeta Ruffle Frock (Blue)","7","14","https://www.roblox.com/catalog/8165786433","https://www.roblox.com/catalog/8165717937"
"3211189","Style Abby","sa ww1 taffeta ruffle frock","8165786433","SA │ WW1 Taffeta Ruffle Frock (Salmon)","7","8165728450","SA │ WW1 Taffeta Ruffle Frock (Purple)","7","14","https://www.roblox.com/catalog/8165786433","https://www.roblox.com/catalog/8165728450"
"3211189","Style Abby","sa ww1 taffeta ruffle frock","8165786433","SA │ WW1 Taffeta Ruffle Frock (Salmon)","7","8165732367","SA │ WW1 Taffeta Ruffle Frock (Red)","7","14","https://www.roblox.com/catalog/8165786433","https://www.roblox.com/catalog/8165732367"
"3211189","Style Abby","sa ww1 taffeta ruffle frock","8165786433","SA │ WW1 Taffeta Ruffle Frock (Salmon)","7","8165723555","SA │ WW1 Taffeta Ruffle Frock (Crimson)","7","14","https://www.roblox.com/catalog/8165786433","https://www.roblox.com/catalog/8165723555"
"3211189","Style Abby","sa ww1 taffeta ruffle frock","8165790540","SA │ WW1 Taffeta Ruffle Frock (White)","7","8165737732","SA │ WW1 Taffeta Ruffle Frock (White)","7","14","https://www.roblox.com/catalog/8165790540","https://www.roblox.com/catalog/8165737732"
"3211189","Style Abby","sa ww1 taffeta ruffle frock","8165790540","SA │ WW1 Taffeta Ruffle Frock (White)","7","8165717937","SA │ WW1 Taffeta Ruffle Frock (Blue)","7","14","https://www.roblox.com/catalog/8165790540","https://www.roblox.com/catalog/8165717937"
"3211189","Style Abby","sa ww1 taffeta ruffle frock","8165790540","SA │ WW1 Taffeta Ruffle Frock (White)","7","8165728450","SA │ WW1 Taffeta Ruffle Frock (Purple)","7","14","https://www.roblox.com/catalog/8165790540","https://www.roblox.com/catalog/8165728450"
"3211189","Style Abby","sa ww1 taffeta ruffle frock","8165790540","SA │ WW1 Taffeta Ruffle Frock (White)","7","8165732367","SA │ WW1 Taffeta Ruffle Frock (Red)","7","14","https://www.roblox.com/catalog/8165790540","https://www.roblox.com/catalog/8165732367"
"3211189","Style Abby","sa ww1 taffeta ruffle frock","8165790540","SA │ WW1 Taffeta Ruffle Frock (White)","7","8165723555","SA │ WW1 Taffeta Ruffle Frock (Crimson)","7","14","https://www.roblox.com/catalog/8165790540","https://www.roblox.com/catalog/8165723555"
"3211189","Style Abby","sa ww1 silk tulle and fur evening gown","17528716851","SA | WW1 Silk Tulle and Fur Evening Gown (Taupe)","7","17528695386","SA | WW1 Silk Tulle and Fur Evening Gown (Taupe)","7","14","https://www.roblox.com/catalog/17528716851","https://www.roblox.com/catalog/17528695386"
"3211189","Style Abby","sa 60 s dreams of ivory gown","10627437396","SA | 60's Dreams of Ivory Gown","7","10627431391","SA | 60's Dreams of Ivory Gown","7","14","https://www.roblox.com/catalog/10627437396","https://www.roblox.com/catalog/10627431391"
"3211189","Style Abby","1910s blue striped swimsuit","5322105769","1910s Blue Striped Swimsuit [W] [T]","7","5322107547","1910s Blue Striped Swimsuit [W] [B]","7","14","https://www.roblox.com/catalog/5322105769","https://www.roblox.com/catalog/5322107547"
"3211189","Style Abby","1900s blue walking ensemble","4629392626","1900s Blue Walking Ensemble [W] [T]","7","4629390600","1900s Blue Walking Ensemble [W] [B]","7","14","https://www.roblox.com/catalog/4629392626","https://www.roblox.com/catalog/4629390600"
"3211189","Style Abby","1900s crimson walking ensemble","4661662641","1900s Crimson Walking Ensemble [W] [T]","10","4659228516","1900s Crimson Walking Ensemble [W] [B]","10","20","https://www.roblox.com/catalog/4661662641","https://www.roblox.com/catalog/4659228516"
"3211189","Style Abby","1900s yellow walking ensemble","4629391335","1900s Yellow Walking Ensemble [W] [T]","7","4629388649","1900s Yellow Walking Ensemble [W] [B]","7","14","https://www.roblox.com/catalog/4629391335","https://www.roblox.com/catalog/4629388649"
"3211189","Style Abby","1900s deep red calling gown","3009350904","1900s Deep Red Calling Gown [T]","7","3009351302","1900s Deep Red Calling Gown [B]","7","14","https://www.roblox.com/catalog/3009350904","https://www.roblox.com/catalog/3009351302"
"3211189","Style Abby","1910s white bowtied","6097688993","1910s White Bowtied Coat [W] [T]","7","6097686452","1910s White Bowtied Coat [W] [B]","7","14","https://www.roblox.com/catalog/6097688993","https://www.roblox.com/catalog/6097686452"
"3211189","Style Abby","1910s grey day","5234129534","1910s Grey Day Coat [W] [T]","7","5234105086","1910s Grey Day Coat [W] [B]","7","14","https://www.roblox.com/catalog/5234129534","https://www.roblox.com/catalog/5234105086"
"3211189","Style Abby","1910s maid uniform","5325545623","1910s Maid Uniform [W] [T]","7","5325547108","1910s Maid Uniform [W] [B]","7","14","https://www.roblox.com/catalog/5325545623","https://www.roblox.com/catalog/5325547108"
"3211189","Style Abby","1950s pearl sash evening gown","5773312415","1950s Pearl Sash Evening Gown [W] [T]","7","5773313449","1950s Pearl Sash Evening Gown [W] [B]","7","14","https://www.roblox.com/catalog/5773312415","https://www.roblox.com/catalog/5773313449"
"3211189","Style Abby","sa ww1 prince albert frock","7970867021","SA │ WW1 ""Prince Albert"" Frock (Brown)","7","7970855205","SA │ WW1 ""Prince Albert"" Frock (Silver)","7","14","https://www.roblox.com/catalog/7970867021","https://www.roblox.com/catalog/7970855205"
"3211189","Style Abby","sa ww1 prince albert frock","7970875832","SA │ WW1 ""Prince Albert"" Frock (Silver)","7","7970855205","SA │ WW1 ""Prince Albert"" Frock (Silver)","7","14","https://www.roblox.com/catalog/7970875832","https://www.roblox.com/catalog/7970855205"
"3211189","Style Abby","sa ww1 prince albert frock","7970870884","SA │ WW1 ""Prince Albert"" Frock (Navy)","7","7970855205","SA │ WW1 ""Prince Albert"" Frock (Silver)","7","14","https://www.roblox.com/catalog/7970870884","https://www.roblox.com/catalog/7970855205"
"3211189","Style Abby","sa ww1 prince albert frock","7970878518","SA │ WW1 ""Prince Albert"" Frock (Tan)","7","7970855205","SA │ WW1 ""Prince Albert"" Frock (Silver)","7","14","https://www.roblox.com/catalog/7970878518","https://www.roblox.com/catalog/7970855205"
"3211189","Style Abby","sa ww1 cotton contrast frock","8263138515","SA │ WW1 Cotton Contrast Frock (Yellow)","7","8263126808","SA │ WW1 Cotton Contrast Frock (Tan)","7","14","https://www.roblox.com/catalog/8263138515","https://www.roblox.com/catalog/8263126808"
"3211189","Style Abby","sa ww1 cotton contrast frock","8263138515","SA │ WW1 Cotton Contrast Frock (Yellow)","7","8263118208","SA │ WW1 Cotton Contrast Frock (B&W)","7","14","https://www.roblox.com/catalog/8263138515","https://www.roblox.com/catalog/8263118208"
"3211189","Style Abby","sa ww1 cotton contrast frock","8263138515","SA │ WW1 Cotton Contrast Frock (Yellow)","7","8263122381","SA │ WW1 Cotton Contrast Frock (Blue)","7","14","https://www.roblox.com/catalog/8263138515","https://www.roblox.com/catalog/8263122381"
"3211189","Style Abby","sa ww1 cotton contrast frock","8263135478","SA │ WW1 Cotton Contrast Frock (Brown)","7","8263126808","SA │ WW1 Cotton Contrast Frock (Tan)","7","14","https://www.roblox.com/catalog/8263135478","https://www.roblox.com/catalog/8263126808"
"3211189","Style Abby","sa ww1 cotton contrast frock","8263135478","SA │ WW1 Cotton Contrast Frock (Brown)","7","8263118208","SA │ WW1 Cotton Contrast Frock (B&W)","7","14","https://www.roblox.com/catalog/8263135478","https://www.roblox.com/catalog/8263118208"
"3211189","Style Abby","sa ww1 cotton contrast frock","8263135478","SA │ WW1 Cotton Contrast Frock (Brown)","7","8263122381","SA │ WW1 Cotton Contrast Frock (Blue)","7","14","https://www.roblox.com/catalog/8263135478","https://www.roblox.com/catalog/8263122381"
"3211189","Style Abby","sa ww1 cotton contrast frock","8263133380","SA │ WW1 Cotton Contrast Frock (Blue)","7","8263126808","SA │ WW1 Cotton Contrast Frock (Tan)","7","14","https://www.roblox.com/catalog/8263133380","https://www.roblox.com/catalog/8263126808"
"3211189","Style Abby","sa ww1 cotton contrast frock","8263133380","SA │ WW1 Cotton Contrast Frock (Blue)","7","8263118208","SA │ WW1 Cotton Contrast Frock (B&W)","7","14","https://www.roblox.com/catalog/8263133380","https://www.roblox.com/catalog/8263118208"
"3211189","Style Abby","sa ww1 cotton contrast frock","8263133380","SA │ WW1 Cotton Contrast Frock (Blue)","7","8263122381","SA │ WW1 Cotton Contrast Frock (Blue)","7","14","https://www.roblox.com/catalog/8263133380","https://www.roblox.com/catalog/8263122381"
"3211189","Style Abby","1900s flower embellished tea gown","3925114400","1900s Flower Embellished Tea Gown [T]","7","3925112983","1900s Flower Embellished Tea Gown [T]","7","14","https://www.roblox.com/catalog/3925114400","https://www.roblox.com/catalog/3925112983"
"3211189","Style Abby","sa ww1 beaded beauty evening gown","9482575646","SA | WW1 Beaded Beauty Evening Gown (Ivy)","7","9482591143","SA | WW1 Beaded Beauty Evening Gown (Noir)","7","14","https://www.roblox.com/catalog/9482575646","https://www.roblox.com/catalog/9482591143"
"3211189","Style Abby","sa ww1 beaded beauty evening gown","9482575646","SA | WW1 Beaded Beauty Evening Gown (Ivy)","7","9482566192","SA | WW1 Beaded Beauty Evening Gown (Cobalt)","7","14","https://www.roblox.com/catalog/9482575646","https://www.roblox.com/catalog/9482566192"
"3211189","Style Abby","sa ww1 beaded beauty evening gown","9482577667","SA | WW1 Beaded Beauty Evening Gown (Noir)","7","9482591143","SA | WW1 Beaded Beauty Evening Gown (Noir)","7","14","https://www.roblox.com/catalog/9482577667","https://www.roblox.com/catalog/9482591143"
"3211189","Style Abby","sa ww1 beaded beauty evening gown","9482577667","SA | WW1 Beaded Beauty Evening Gown (Noir)","7","9482566192","SA | WW1 Beaded Beauty Evening Gown (Cobalt)","7","14","https://www.roblox.com/catalog/9482577667","https://www.roblox.com/catalog/9482566192"
"3211189","Style Abby","sa ww1 gb red cross nurses uniform v1","7760770849","SA │ WW1 GB Red Cross Nurses Uniform V1","7","7760761751","SA │ WW1 GB Red Cross Nurses Uniform V1","7","14","https://www.roblox.com/catalog/7760770849","https://www.roblox.com/catalog/7760761751"
"3211189","Style Abby","sa 50 s lady pois","70408042866872","SA | 50's Lady à Pois","7","103221413375825","SA | 50's Lady à Pois","7","14","https://www.roblox.com/catalog/70408042866872","https://www.roblox.com/catalog/103221413375825"
"3211189","Style Abby","1910s red bowtied","6097688997","1910s Red Bowtied Coat [W] [T]","7","6097686487","1910s Red Bowtied Coat [W] [B]","7","14","https://www.roblox.com/catalog/6097688997","https://www.roblox.com/catalog/6097686487"
"3211189","Style Abby","1900s dry sage lace evening gown","3011533675","1900s Dry Sage Lace Evening Gown [T]","10","3011534806","1900s Dry Sage Lace Evening Gown [B]","10","20","https://www.roblox.com/catalog/3011533675","https://www.roblox.com/catalog/3011534806"
"3211189","Style Abby","sa ww1 cutaway frock","7995679187","SA │ WW1 Cutaway Frock (Tan)","7","7995638064","SA │ WW1 Cutaway Frock (Tan)","7","14","https://www.roblox.com/catalog/7995679187","https://www.roblox.com/catalog/7995638064"
"3211189","Style Abby","sa ww1 cutaway frock","7995679187","SA │ WW1 Cutaway Frock (Tan)","7","7995624520","SA │ WW1 Cutaway Frock (Navy)","7","14","https://www.roblox.com/catalog/7995679187","https://www.roblox.com/catalog/7995624520"
"3211189","Style Abby","sa ww1 cutaway frock","7995679187","SA │ WW1 Cutaway Frock (Tan)","7","7995621845","SA │ WW1 Cutaway Frock (Dark Grey)","7","14","https://www.roblox.com/catalog/7995679187","https://www.roblox.com/catalog/7995621845"
"3211189","Style Abby","sa ww1 cutaway frock","7995670423","SA │ WW1 Cutaway Frock (Navy)","7","7995638064","SA │ WW1 Cutaway Frock (Tan)","7","14","https://www.roblox.com/catalog/7995670423","https://www.roblox.com/catalog/7995638064"
"3211189","Style Abby","sa ww1 cutaway frock","7995670423","SA │ WW1 Cutaway Frock (Navy)","7","7995624520","SA │ WW1 Cutaway Frock (Navy)","7","14","https://www.roblox.com/catalog/7995670423","https://www.roblox.com/catalog/7995624520"
"3211189","Style Abby","sa ww1 cutaway frock","7995670423","SA │ WW1 Cutaway Frock (Navy)","7","7995621845","SA │ WW1 Cutaway Frock (Dark Grey)","7","14","https://www.roblox.com/catalog/7995670423","https://www.roblox.com/catalog/7995621845"
"3211189","Style Abby","sa ww1 cutaway frock","7995666498","SA │ WW1 Cutaway Frock (Dark Grey)","7","7995638064","SA │ WW1 Cutaway Frock (Tan)","7","14","https://www.roblox.com/catalog/7995666498","https://www.roblox.com/catalog/7995638064"
"3211189","Style Abby","sa ww1 cutaway frock","7995666498","SA │ WW1 Cutaway Frock (Dark Grey)","7","7995624520","SA │ WW1 Cutaway Frock (Navy)","7","14","https://www.roblox.com/catalog/7995666498","https://www.roblox.com/catalog/7995624520"
"3211189","Style Abby","sa ww1 cutaway frock","7995666498","SA │ WW1 Cutaway Frock (Dark Grey)","7","7995621845","SA │ WW1 Cutaway Frock (Dark Grey)","7","14","https://www.roblox.com/catalog/7995666498","https://www.roblox.com/catalog/7995621845"
"3211189","Style Abby","sa ww1 cutaway frock","7995662540","SA │ WW1 Cutaway Frock (Brown)","7","7995638064","SA │ WW1 Cutaway Frock (Tan)","7","14","https://www.roblox.com/catalog/7995662540","https://www.roblox.com/catalog/7995638064"
"3211189","Style Abby","sa ww1 cutaway frock","7995662540","SA │ WW1 Cutaway Frock (Brown)","7","7995624520","SA │ WW1 Cutaway Frock (Navy)","7","14","https://www.roblox.com/catalog/7995662540","https://www.roblox.com/catalog/7995624520"
"3211189","Style Abby","sa ww1 cutaway frock","7995662540","SA │ WW1 Cutaway Frock (Brown)","7","7995621845","SA │ WW1 Cutaway Frock (Dark Grey)","7","14","https://www.roblox.com/catalog/7995662540","https://www.roblox.com/catalog/7995621845"
"3211189","Style Abby","sa ww1 cutaway frock","7995659101","SA │ WW1 Cutaway Frock (Black)","7","7995638064","SA │ WW1 Cutaway Frock (Tan)","7","14","https://www.roblox.com/catalog/7995659101","https://www.roblox.com/catalog/7995638064"
"3211189","Style Abby","sa ww1 cutaway frock","7995659101","SA │ WW1 Cutaway Frock (Black)","7","7995624520","SA │ WW1 Cutaway Frock (Navy)","7","14","https://www.roblox.com/catalog/7995659101","https://www.roblox.com/catalog/7995624520"
"3211189","Style Abby","sa ww1 cutaway frock","7995659101","SA │ WW1 Cutaway Frock (Black)","7","7995621845","SA │ WW1 Cutaway Frock (Dark Grey)","7","14","https://www.roblox.com/catalog/7995659101","https://www.roblox.com/catalog/7995621845"
"3211189","Style Abby","1910s black bowtied","6097688929","1910s Black Bowtied Coat [W] [T]","7","6097686453","1910s Black Bowtied Coat [W] [B]","7","14","https://www.roblox.com/catalog/6097688929","https://www.roblox.com/catalog/6097686453"
"3211189","Style Abby","1900s parisian day ensemble","4506586692","1900s Parisian Day Ensemble [W] [T]","20","4506588248","1900s Parisian Day Ensemble [W] [B]","20","40","https://www.roblox.com/catalog/4506586692","https://www.roblox.com/catalog/4506588248"
"3211189","Style Abby","sa edwardian lace bow evening gown","14696974077","SA | Edwardian Lace Bow Evening Gown","7","14696975262","SA | Edwardian Lace Bow Evening Gown","7","14","https://www.roblox.com/catalog/14696974077","https://www.roblox.com/catalog/14696975262"
"3211189","Style Abby","1930s red belted daydress","4941896287","1930s Red Belted Daydress [W] [T]","7","4941875266","1930s Red Belted Daydress [W] [B]","7","14","https://www.roblox.com/catalog/4941896287","https://www.roblox.com/catalog/4941875266"
"3211189","Style Abby","sa ww1 silk boudoir gown","9842586635","SA | WW1 Silk Boudoir Gown (Sky)","7","9842577121","SA | WW1 Silk Boudoir Gown (Rose)","7","14","https://www.roblox.com/catalog/9842586635","https://www.roblox.com/catalog/9842577121"
"3211189","Style Abby","sa ww1 silk boudoir gown","9842586635","SA | WW1 Silk Boudoir Gown (Sky)","7","9842581078","SA | WW1 Silk Boudoir Gown (Wisteria)","7","14","https://www.roblox.com/catalog/9842586635","https://www.roblox.com/catalog/9842581078"
"3211189","Style Abby","sa ww1 silk boudoir gown","9842584956","SA | WW1 Silk Boudoir Gown (Rose)","7","9842577121","SA | WW1 Silk Boudoir Gown (Rose)","7","14","https://www.roblox.com/catalog/9842584956","https://www.roblox.com/catalog/9842577121"
"3211189","Style Abby","sa ww1 silk boudoir gown","9842584956","SA | WW1 Silk Boudoir Gown (Rose)","7","9842581078","SA | WW1 Silk Boudoir Gown (Wisteria)","7","14","https://www.roblox.com/catalog/9842584956","https://www.roblox.com/catalog/9842581078"
"3211189","Style Abby","sa ww1 silk boudoir gown","9842583428","SA | WW1 Silk Boudoir Gown (Pink)","7","9842577121","SA | WW1 Silk Boudoir Gown (Rose)","7","14","https://www.roblox.com/catalog/9842583428","https://www.roblox.com/catalog/9842577121"
"3211189","Style Abby","sa ww1 silk boudoir gown","9842583428","SA | WW1 Silk Boudoir Gown (Pink)","7","9842581078","SA | WW1 Silk Boudoir Gown (Wisteria)","7","14","https://www.roblox.com/catalog/9842583428","https://www.roblox.com/catalog/9842581078"
"3211189","Style Abby","sa ww1 silk boudoir gown","9842587786","SA | WW1 Silk Boudoir Gown (White)","7","9842577121","SA | WW1 Silk Boudoir Gown (Rose)","7","14","https://www.roblox.com/catalog/9842587786","https://www.roblox.com/catalog/9842577121"
"3211189","Style Abby","sa ww1 silk boudoir gown","9842587786","SA | WW1 Silk Boudoir Gown (White)","7","9842581078","SA | WW1 Silk Boudoir Gown (Wisteria)","7","14","https://www.roblox.com/catalog/9842587786","https://www.roblox.com/catalog/9842581078"
"3211189","Style Abby","1910s morning stroll dress","5220645433","1910s Morning Stroll Dress [W] [T]","7","5220642267","1910s Morning Stroll Dress [W] [B]","7","14","https://www.roblox.com/catalog/5220645433","https://www.roblox.com/catalog/5220642267"
"3211189","Style Abby","1910s draped emerald evening gown","5306529645","1910s Draped Emerald Evening Gown [W] [T]","10","5306534105","1910s Draped Emerald Evening Gown [W] [B]","20","30","https://www.roblox.com/catalog/5306529645","https://www.roblox.com/catalog/5306534105"
"3211189","Style Abby","1950s black daydress","5770034616","1950s Black Daydress [W] [T]","7","5770010573","1950s Black Daydress [W] [B]","7","14","https://www.roblox.com/catalog/5770034616","https://www.roblox.com/catalog/5770010573"
"3211189","Style Abby","1910s dewitt promenade gown","6536669912","1910s DeWitt Promenade Gown [T]","7","6536626334","1910s DeWitt Promenade Gown [B]","7","14","https://www.roblox.com/catalog/6536669912","https://www.roblox.com/catalog/6536626334"
"3211189","Style Abby","1930s white draped gown","4941900133","1930s White Draped Gown [W] [T]","10","4941878470","1930s White Draped Gown [W] [B]","10","20","https://www.roblox.com/catalog/4941900133","https://www.roblox.com/catalog/4941878470"
"3211189","Style Abby","1900s steel blue walking ensemble","4661661833","1900s Steel Blue Walking Ensemble [W] [T]","10","4659227544","1900s Steel Blue Walking Ensemble [W] [B]","10","20","https://www.roblox.com/catalog/4661661833","https://www.roblox.com/catalog/4659227544"
"3211189","Style Abby","1900s blush bowtied evening gown","3936126477","1900s Blush Bowtied Evening Gown [T]","10","3936095407","1900s Blush Bowtied Evening Gown [B]","10","20","https://www.roblox.com/catalog/3936126477","https://www.roblox.com/catalog/3936095407"
"3211189","Style Abby","1910s mustard bowtied","6097688974","1910s Mustard Bowtied Coat [W] [T]","7","6097686459","1910s Mustard Bowtied Coat [W] [B]","7","14","https://www.roblox.com/catalog/6097688974","https://www.roblox.com/catalog/6097686459"
"3211189","Style Abby","1900s decorated promenade dress","4382998243","1900s Decorated Promenade Dress [Blue] [W] [T]","7","4382967049","1900s Decorated Promenade Dress [Blue] [W] [B]","10","17","https://www.roblox.com/catalog/4382998243","https://www.roblox.com/catalog/4382967049"
"3211189","Style Abby","1900s decorated promenade dress","4382998243","1900s Decorated Promenade Dress [Blue] [W] [T]","7","4382971579","1900s Decorated Promenade Dress [Blush] [W] ","10","17","https://www.roblox.com/catalog/4382998243","https://www.roblox.com/catalog/4382971579"
"3211189","Style Abby","1900s decorated promenade dress","4382998243","1900s Decorated Promenade Dress [Blue] [W] [T]","7","4382969600","1900s Decorated Promenade Dress [Mourning] [W] [B]","10","17","https://www.roblox.com/catalog/4382998243","https://www.roblox.com/catalog/4382969600"
"3211189","Style Abby","1900s decorated promenade dress","4382999887","1900s Decorated Promenade Dress [Red] [W] [T]","7","4382967049","1900s Decorated Promenade Dress [Blue] [W] [B]","10","17","https://www.roblox.com/catalog/4382999887","https://www.roblox.com/catalog/4382967049"
"3211189","Style Abby","1900s decorated promenade dress","4382999887","1900s Decorated Promenade Dress [Red] [W] [T]","7","4382971579","1900s Decorated Promenade Dress [Blush] [W] ","10","17","https://www.roblox.com/catalog/4382999887","https://www.roblox.com/catalog/4382971579"
"3211189","Style Abby","1900s decorated promenade dress","4382999887","1900s Decorated Promenade Dress [Red] [W] [T]","7","4382969600","1900s Decorated Promenade Dress [Mourning] [W] [B]","10","17","https://www.roblox.com/catalog/4382999887","https://www.roblox.com/catalog/4382969600"
"3211189","Style Abby","1900s decorated promenade dress","4383003775","1900s Decorated Promenade Dress [Blush] [W]","7","4382967049","1900s Decorated Promenade Dress [Blue] [W] [B]","10","17","https://www.roblox.com/catalog/4383003775","https://www.roblox.com/catalog/4382967049"
"3211189","Style Abby","1900s decorated promenade dress","4383003775","1900s Decorated Promenade Dress [Blush] [W]","7","4382971579","1900s Decorated Promenade Dress [Blush] [W] ","10","17","https://www.roblox.com/catalog/4383003775","https://www.roblox.com/catalog/4382971579"
"3211189","Style Abby","1900s decorated promenade dress","4383003775","1900s Decorated Promenade Dress [Blush] [W]","7","4382969600","1900s Decorated Promenade Dress [Mourning] [W] [B]","10","17","https://www.roblox.com/catalog/4383003775","https://www.roblox.com/catalog/4382969600"
"3211189","Style Abby","1910s red lace evening gown","5219243015","1910s Red Lace Evening Gown [W] [T]","7","5219241033","1910s Red Lace Evening Gown [W] [B]","7","14","https://www.roblox.com/catalog/5219243015","https://www.roblox.com/catalog/5219241033"
"3211189","Style Abby","sa ww1 promenade frock","8648552865","SA │ WW1 Promenade Frock (Old Rose)","7","8648466188","SA │ WW1 Promenade Frock (Chestnut)","7","14","https://www.roblox.com/catalog/8648552865","https://www.roblox.com/catalog/8648466188"
"3211189","Style Abby","sa ww1 promenade frock","8648552865","SA │ WW1 Promenade Frock (Old Rose)","7","8648469764","SA │ WW1 Promenade Frock (Copper Rose)","7","14","https://www.roblox.com/catalog/8648552865","https://www.roblox.com/catalog/8648469764"
"3211189","Style Abby","sa ww1 promenade frock","8648552865","SA │ WW1 Promenade Frock (Old Rose)","7","8648479365","SA │ WW1 Promenade Frock (Grey)","7","14","https://www.roblox.com/catalog/8648552865","https://www.roblox.com/catalog/8648479365"
"3211189","Style Abby","sa ww1 promenade frock","8648537987","SA │ WW1 Promenade Frock (Chestnut)","7","8648466188","SA │ WW1 Promenade Frock (Chestnut)","7","14","https://www.roblox.com/catalog/8648537987","https://www.roblox.com/catalog/8648466188"
"3211189","Style Abby","sa ww1 promenade frock","8648537987","SA │ WW1 Promenade Frock (Chestnut)","7","8648469764","SA │ WW1 Promenade Frock (Copper Rose)","7","14","https://www.roblox.com/catalog/8648537987","https://www.roblox.com/catalog/8648469764"
"3211189","Style Abby","sa ww1 promenade frock","8648537987","SA │ WW1 Promenade Frock (Chestnut)","7","8648479365","SA │ WW1 Promenade Frock (Grey)","7","14","https://www.roblox.com/catalog/8648537987","https://www.roblox.com/catalog/8648479365"
"3211189","Style Abby","sa ww1 promenade frock","8648557120","SA │ WW1 Promenade Frock (Storm Grey)","7","8648466188","SA │ WW1 Promenade Frock (Chestnut)","7","14","https://www.roblox.com/catalog/8648557120","https://www.roblox.com/catalog/8648466188"
"3211189","Style Abby","sa ww1 promenade frock","8648557120","SA │ WW1 Promenade Frock (Storm Grey)","7","8648469764","SA │ WW1 Promenade Frock (Copper Rose)","7","14","https://www.roblox.com/catalog/8648557120","https://www.roblox.com/catalog/8648469764"
"3211189","Style Abby","sa ww1 promenade frock","8648557120","SA │ WW1 Promenade Frock (Storm Grey)","7","8648479365","SA │ WW1 Promenade Frock (Grey)","7","14","https://www.roblox.com/catalog/8648557120","https://www.roblox.com/catalog/8648479365"
"8638017","Avrenzi","woman outfit","12165222620","[𝙇𝙑] Woman Outfit | +","7","12165232956","[𝙇𝙑] Woman Outfit | -","7","14","https://www.roblox.com/catalog/12165222620","https://www.roblox.com/catalog/12165232956"
"8638017","Avrenzi","valentine","105538391602602","Valentine Skirt","5","75759177393196","Valentine Skirt","5","10","https://www.roblox.com/catalog/105538391602602","https://www.roblox.com/catalog/75759177393196"
"851558","Kestrel","kestrel mint and","186940578","Kestrel - Mint Blazer and Skirt, Upper","1","186940643","Kestrel - Mint Blazer and Skirt, Lower","1","2","https://www.roblox.com/catalog/186940578","https://www.roblox.com/catalog/186940643"
"851558","Kestrel","kestrel black female suit","187746176","Kestrel - Black Female Suit, Upper","1","187746233","Kestrel - Black Female Suit, Lower","1","2","https://www.roblox.com/catalog/187746176","https://www.roblox.com/catalog/187746233"
"851558","Kestrel","kestrel female intern uniform","147379864","Kestrel ® Female Intern Uniform","1","147380444","Kestrel ® Female Intern Uniform","1","2","https://www.roblox.com/catalog/147379864","https://www.roblox.com/catalog/147380444"
"2617916","Casablanca","the k jee woman","364488489","[CB®] The K-Jee Woman [Top]","10","364488616","[CB®] The K-Jee Woman [Bottom]","10","20","https://www.roblox.com/catalog/364488489","https://www.roblox.com/catalog/364488616"
"2617916","Casablanca","violet woman business suit","360647555","[CB®] Violet Woman Business Suit [Top]","10","360647623","[CB®] Violet Woman Business Suit [Bottom]","10","20","https://www.roblox.com/catalog/360647555","https://www.roblox.com/catalog/360647623"
"2617916","Casablanca","blue woman s formal suit","347377418","[CB®] Blue Woman's Formal Suit [Top]","10","347377557","[CB®] Blue Woman's Formal Suit [Bottom]","10","20","https://www.roblox.com/catalog/347377418","https://www.roblox.com/catalog/347377557"
"2617916","Casablanca","glamorous girl","386047360","[CB®] Glamorous Girl [Top]","10","386047404","[CB®] Glamorous Girl [Bottom]","10","20","https://www.roblox.com/catalog/386047360","https://www.roblox.com/catalog/386047404"
"2617916","Casablanca","grey woman business suit","347356075","[CB®] Grey Woman Business Suit [Top]","10","347356183","[CB®] Grey Woman Business Suit [Bottom]","10","20","https://www.roblox.com/catalog/347356075","https://www.roblox.com/catalog/347356183"
