"id","name","role","assetType","price","lowestPrice","productId","collectibleItemId","groupId","groupName","url","created","groupSlug","gender","outfitKey"
"5770034612","1950s Button Daydress [W] [T]","top","11","7","7","2989762721545209","a4d7ddab-6e10-4e45-a66a-54f498bacb39","3211189","Style Abby","https://www.roblox.com/catalog/5770034612","2020-10-02T04:04:19.88Z","style-abby","feminine","1950s button daydress"
"4829823296","1900s Silk Nightgown [W] [T]","top","11","7","7","8955979982595925","f92b2528-d5a1-4cf3-ba27-68d47e65c12f","3211189","Style Abby","https://www.roblox.com/catalog/4829823296","2020-03-28T17:53:59.04Z","style-abby","feminine","1900s silk nightgown"
"5770034774","1950s Red Button Daydress [W] [T]","top","11","7","7","6421745581541320","aa958532-a391-4ddb-aea4-1b0e5021a790","3211189","Style Abby","https://www.roblox.com/catalog/5770034774","2020-10-02T04:04:22.867Z","style-abby","feminine","1950s red button daydress"
"75301841968578","SA | Tied Silk Tea Gown Sleeves (With Gloves)","top","11","7","7","5244404609063906","ca8f2de1-840e-4df5-88e9-e53948f0b95b","3211189","Style Abby","https://www.roblox.com/catalog/75301841968578","2025-05-10T16:20:17.25Z","style-abby","feminine","sa tied silk tea gown sleeves"
"105405901903529","SA | Tied Silk Tea Gown Sleeves","top","11","7","7","5206626358262175","5ea3a770-f981-4aae-b4e8-d9c2746f3777","3211189","Style Abby","https://www.roblox.com/catalog/105405901903529","2025-05-10T16:19:57.993Z","style-abby","feminine","sa tied silk tea gown sleeves"
"3935562269","1900s THE Miss Ruby Evening Gown [T]","top","11","20","20","2462072310161027","7156b7f5-ca22-46ec-b9d1-e027757862dd","3211189","Style Abby","https://www.roblox.com/catalog/3935562269","2019-09-20T03:24:10.637Z","style-abby","feminine","1900s the miss ruby evening gown"
"4891309108","1900s Walking Dress Sleeves [W] [T]","top","11","7","7","6464064834758446","d2758e4b-9914-49e2-86d9-26e7c3653574","3211189","Style Abby","https://www.roblox.com/catalog/4891309108","2020-04-12T21:36:04.68Z","style-abby","feminine","1900s walking dress sleeves"
"6097688982","1910s White Bowtied Coat w Gloves [W] [T]","top","11","7","7","7672542718400057","78f878a7-afa1-4b5d-a91e-d4bce90e087c","3211189","Style Abby","https://www.roblox.com/catalog/6097688982","2020-12-16T23:56:09.08Z","style-abby","feminine","1910s white bowtied w gloves"
"890318175","1960s Pink Blouse","top","11","6","6","8207233558438494","b140e056-52f3-4221-bf62-dd59b944b19f","3211189","Style Abby","https://www.roblox.com/catalog/890318175","2017-06-29T22:04:04.993Z","style-abby","feminine","1960s pink blouse"
"890358381","1960s Debutante Ball Gown Top","top","11","8","8","3348695742461752","f248cd4e-689c-4309-8bd0-1eabcba4028c","3211189","Style Abby","https://www.roblox.com/catalog/890358381","2017-06-29T22:32:00.607Z","style-abby","feminine","1960s debutante ball gown"
"6476109409","1910s Navy Day Frock [T]","top","11","7","7","1043450189021635","0b735d4b-6e4a-4ecb-beba-4650c14cc2e2","3211189","Style Abby","https://www.roblox.com/catalog/6476109409","2021-03-05T02:02:49.903Z","style-abby","feminine","1910s navy day frock"
"4941889450","1930s Black Belted Daydress [W] [T]","top","11","7","7","8086648184470183","23f78934-2296-460e-b6fa-067f920c5547","3211189","Style Abby","https://www.roblox.com/catalog/4941889450","2020-04-25T05:37:46.897Z","style-abby","feminine","1930s black belted daydress"
"5770033334","1950s Flamingo Pink Cardigan Set [W]","top","11","7","7","8509190826942637","02d35ed0-5ea8-4379-b1c5-95a098ea89a3","3211189","Style Abby","https://www.roblox.com/catalog/5770033334","2020-10-02T04:03:54.643Z","style-abby","feminine","1950s flamingo pink cardigan set"
"5803109228","1950s White Turtleneck [W]","top","11","7","7","7439234340550964","7d5ba008-efc3-424a-a80a-67123bdb5080","3211189","Style Abby","https://www.roblox.com/catalog/5803109228","2020-10-08T06:17:29.51Z","style-abby","feminine","1950s white turtleneck"
"5234088215","1910s Velvet Lined Coat w/ Gloves [W] [T]","top","11","7","7","6788588983284637","bfa46434-e188-4e30-ba5d-65b96d48e904","3211189","Style Abby","https://www.roblox.com/catalog/5234088215","2020-06-25T18:46:15.577Z","style-abby","feminine","1910s velvet lined w gloves"
"5770033349","1950s Sky Blue Cardigan Set [W]","top","11","7","7","1598548451535040","122d4ca8-2d98-4f4f-a70f-1b673638b99c","3211189","Style Abby","https://www.roblox.com/catalog/5770033349","2020-10-02T04:03:54.877Z","style-abby","feminine","1950s sky blue cardigan set"
"6476109401","1910s Gray Day Frock [T]","top","11","7","7","3294294189682772","50a34bfc-b961-4a24-9c1f-79014892366a","3211189","Style Abby","https://www.roblox.com/catalog/6476109401","2021-03-05T02:02:49.96Z","style-abby","feminine","1910s gray day frock"
"5219244481","1910s Red Lace Evening Gown w/ Gloves [W] [T]","top","11","7","7","6161555657735311","d29c9a91-65c3-433c-80e7-6eee41a729dd","3211189","Style Abby","https://www.roblox.com/catalog/5219244481","2020-06-22T15:15:43.473Z","style-abby","feminine","1910s red lace evening gown w gloves"
"4925444832","1900s Soirée Noire Walking Coat w/o Gloves [W] [T]","top","11","7","7","8311389169193632","75a30802-c4ea-414c-b1e3-ac99ce8bb0c3","3211189","Style Abby","https://www.roblox.com/catalog/4925444832","2020-04-21T06:10:29.513Z","style-abby","feminine","1900s soir e noire walking w o gloves"
"5770034659","1950s Warm Mauve Daydress [W] [T]","top","11","7","7","5313674146179294","1a1ee0ad-3305-4bcf-b9f4-58f536485cea","3211189","Style Abby","https://www.roblox.com/catalog/5770034659","2020-10-02T04:04:20.563Z","style-abby","feminine","1950s warm mauve daydress"
"4659096454","1900s Brown Walking Ensemble [W] [T]","top","11","10","10","41253294070281","f7bb2f6e-ce79-4899-93d3-e28c08c3eb5a","3211189","Style Abby","https://www.roblox.com/catalog/4659096454","2020-02-05T21:25:44.41Z","style-abby","feminine","1900s brown walking ensemble"
"5770036563","1950s Lily Anne Jacket [W] [T]","top","11","7","7","3299263633075289","282ed88e-8936-4f7c-a07a-c7a313cb7b1e","3211189","Style Abby","https://www.roblox.com/catalog/5770036563","2020-10-02T04:05:01.713Z","style-abby","feminine","1950s lily anne"
"3009349346","1900s Pastel Yellow Calling Gown [T]","top","11","7","7","5602456953957305","e457cd73-eae6-444a-9455-45e8b13815c3","3211189","Style Abby","https://www.roblox.com/catalog/3009349346","2019-03-27T02:18:58.267Z","style-abby","feminine","1900s pastel yellow calling gown"
"4875178095","1900s Poiret Silk Evening Gown w/ Gloves [W] [T]","top","11","10","10","5583201000884652","d2cd56bc-d0dc-47e7-a7d7-51d4129231bd","3211189","Style Abby","https://www.roblox.com/catalog/4875178095","2020-04-08T20:36:05.36Z","style-abby","feminine","1900s poiret silk evening gown w gloves"
"5770034651","1950s White Button Daydress [W] [T]","top","11","7","7","5637974022638646","384c5792-83a2-4754-abe2-895fd4d2a00f","3211189","Style Abby","https://www.roblox.com/catalog/5770034651","2020-10-02T04:04:20.337Z","style-abby","feminine","1950s white button daydress"
"890318886","1960s White Blouse","top","11","6","6","4826361588380876","b8089d4b-b0e3-4562-b444-efd0faf92de7","3211189","Style Abby","https://www.roblox.com/catalog/890318886","2017-06-29T22:04:33.587Z","style-abby","feminine","1960s white blouse"
"9224449168","SA | WW1 Cascading Evening Gown w/ Gloves (Rose)","top","11","7","7","8733559208911468","22a7e63b-34bb-4325-b3b3-febfeb280803","3211189","Style Abby","https://www.roblox.com/catalog/9224449168","2022-03-29T00:07:29.06Z","style-abby","feminine","sa ww1 cascading evening gown w gloves"
"4941892717","1930s Noir Mantle [W] [T]","top","11","7","7","2427707469897644","9393a757-027f-4e3a-b651-2795b725d503","3211189","Style Abby","https://www.roblox.com/catalog/4941892717","2020-04-25T05:38:59.137Z","style-abby","feminine","1930s noir mantle"
"5220646766","1910s Morning Stroll Dress w/ Gloves [W] [T]","top","11","7","7","5553130942726465","908c3754-422b-4e0f-b4a6-d049802eb5d4","3211189","Style Abby","https://www.roblox.com/catalog/5220646766","2020-06-22T20:40:11.92Z","style-abby","feminine","1910s morning stroll dress w gloves"
"4941901264","1930s White Tied Blouse [W]","top","11","7","7","1563117682863025","bb5ed1b7-d9bb-4983-b79a-e9c21e7b1250","3211189","Style Abby","https://www.roblox.com/catalog/4941901264","2020-04-25T05:42:27.843Z","style-abby","feminine","1930s white tied blouse"
"4629392200","1900s Purple Walking Ensemble [W] [T]","top","11","7","7","8494061649235201","33f5cd33-42a4-41dd-b8e4-4357e11dbbf0","3211189","Style Abby","https://www.roblox.com/catalog/4629392200","2020-01-25T06:52:18.943Z","style-abby","feminine","1900s purple walking ensemble"
"5770034661","1950s Rose Petal Daydress w Gloves [W] [T]","top","11","7","7","2864202875941206","6376b00d-f87d-498d-8050-de927a9c7e61","3211189","Style Abby","https://www.roblox.com/catalog/5770034661","2020-10-02T04:04:20.597Z","style-abby","feminine","1950s rose petal daydress w gloves"
"9207558219","SA | WW1 Embroidered Tea Gown","top","11","7","7","8520922857894859","c09018f8-62a3-47b3-869f-f38f4179c5c7","3211189","Style Abby","https://www.roblox.com/catalog/9207558219","2022-03-27T03:00:17.407Z","style-abby","feminine","sa ww1 embroidered tea gown"
"4506172182","1900s Sage Dainty Daysuit [W] [T]","top","11","7","7","4431230750121206","cf98bb23-52d9-4f54-ab94-cf7e09b988bc","3211189","Style Abby","https://www.roblox.com/catalog/4506172182","2019-12-11T21:20:32.78Z","style-abby","feminine","1900s sage dainty daysuit"
"4941896954","1930s Rouge Mantle [W] [T]","top","11","7","7","1716011911249358","e9f94f26-82ec-4e56-af2e-6c906168c923","3211189","Style Abby","https://www.roblox.com/catalog/4941896954","2020-04-25T05:40:40.92Z","style-abby","feminine","1930s rouge mantle"
"5803109217","1950s Pink Turtleneck [W]","top","11","7","7","599801502828649","08622824-df77-4f65-9296-841e4082d026","3211189","Style Abby","https://www.roblox.com/catalog/5803109217","2020-10-08T06:17:29.207Z","style-abby","feminine","1950s pink turtleneck"
"6097688972","1910s Mustard Bowtied Coat w Gloves [W] [T]","top","11","7","7","1882864759588058","ca2f1cc5-6a55-45f6-8807-b1082d4c48a2","3211189","Style Abby","https://www.roblox.com/catalog/6097688972","2020-12-16T23:56:08.957Z","style-abby","feminine","1910s mustard bowtied w gloves"
"9598910890","SA | WW1 Sumptuous Silk Evening Gown w/ Gloves","top","11","7","7","8466504091081240","ce69314e-5809-4415-b82d-10acaaedffe6","3211189","Style Abby","https://www.roblox.com/catalog/9598910890","2022-05-11T02:29:52.457Z","style-abby","feminine","sa ww1 sumptuous silk evening gown w gloves"
"4311167536","1900s White Seaside Dress [W] [T]","top","11","7","7","905237318061130","df5083c1-f6e0-4dae-8adb-14df5ba3381c","3211189","Style Abby","https://www.roblox.com/catalog/4311167536","2019-11-06T06:09:08.157Z","style-abby","feminine","1900s white seaside dress"
"4506170828","1900s Brown Dainty Daysuit [W] [T]","top","11","7","7","5177849547328282","5ece20ea-1a62-465c-9e9e-5d1db4e73869","3211189","Style Abby","https://www.roblox.com/catalog/4506170828","2019-12-11T21:19:42.543Z","style-abby","feminine","1900s brown dainty daysuit"
"9207552475","SA | WW1 Embroidered Tea Gown w/ Gloves","top","11","7","7","6760144460354734","bce62c94-5403-435a-a9a0-2bc403e7f7b7","3211189","Style Abby","https://www.roblox.com/catalog/9207552475","2022-03-27T02:59:28.047Z","style-abby","feminine","sa ww1 embroidered tea gown w gloves"
"4932943981","1900s Blue Beauty Evening Gown w/ Gloves [W] [T]","top","11","10","10","1476629988787408","382f96e5-3105-41a0-8dae-992e76fce879","3211189","Style Abby","https://www.roblox.com/catalog/4932943981","2020-04-23T01:52:06.64Z","style-abby","feminine","1900s blue beauty evening gown w gloves"
"6097688931","1910s Black Bowtied Coat w Gloves [W] [T]","top","11","7","7","4979403423601498","1ea8d2ec-382b-48ea-b4d5-a8cde2bee791","3211189","Style Abby","https://www.roblox.com/catalog/6097688931","2020-12-16T23:56:08.597Z","style-abby","feminine","1910s black bowtied w gloves"
"87783907756823","SA | 50's Lady à Pois w/ Gloves","top","11","7","7","4279555930063308","09103503-7580-4d2c-9ef9-bd7497adcedb","3211189","Style Abby","https://www.roblox.com/catalog/87783907756823","2025-02-11T21:40:51.813Z","style-abby","feminine","sa 50 s lady pois w gloves"
"4560351742","1900s Embroidered Flower Tea Shirtwaist [W]","top","11","10","10","7733078391689587","e4d7d667-b62f-4da6-95c0-95d49cdb20bb","3211189","Style Abby","https://www.roblox.com/catalog/4560351742","2019-12-31T04:00:05.133Z","style-abby","feminine","1900s embroidered flower tea shirtwaist"
"4689494789","1930s Black HarIow Evening Gown [W] [T]","top","11","10","10","4360632985627915","eaf35ecc-f28e-4a48-9598-10166f421b2b","3211189","Style Abby","https://www.roblox.com/catalog/4689494789","2020-02-14T20:38:33.76Z","style-abby","feminine","1930s black hariow evening gown"
"4557852485","1900s White Laced Tea Shirtwaist [W]","top","11","10","10","4736250624529533","6198a055-7953-4fda-b9cc-1367738657cf","3211189","Style Abby","https://www.roblox.com/catalog/4557852485","2019-12-30T10:03:43.693Z","style-abby","feminine","1900s white laced tea shirtwaist"
"5803109232","1950s Yellow Turtleneck [W]","top","11","7","7","2165878333816271","215a3140-a920-43f5-90f4-1c6713b6ab7a","3211189","Style Abby","https://www.roblox.com/catalog/5803109232","2020-10-08T06:17:29.603Z","style-abby","feminine","1950s yellow turtleneck"
"5808816943","1950s Tied Poolside Shirt [W]","top","11","7","7","1864060726855141","9a26ee44-4985-4fbb-988b-877a0e63b12b","3211189","Style Abby","https://www.roblox.com/catalog/5808816943","2020-10-09T20:50:12.93Z","style-abby","feminine","1950s tied poolside"
"7760769005","SA │ WW1 GB Red Cross Nurses Uniform V2","top","11","7","7","3722579591822558","f28730a6-ae06-4262-9745-e7b793f8f377","3211189","Style Abby","https://www.roblox.com/catalog/7760769005","2021-10-17T07:16:10.27Z","style-abby","feminine","sa ww1 gb red cross nurses uniform v2"
"9239636332","SA | WW1 Golden Embroidered Evening Gown w/ Gloves","top","11","7","7","1833452237877131","5ec84d8a-0bee-4445-8f76-b1ea4ab55938","3211189","Style Abby","https://www.roblox.com/catalog/9239636332","2022-03-31T01:37:32.233Z","style-abby","feminine","sa ww1 golden embroidered evening gown w gloves"
"6384197416","1910s Greecian Gown [T]","top","11","7","7","625619448400939","454418eb-bab1-4685-8799-320d333a8e8e","3211189","Style Abby","https://www.roblox.com/catalog/6384197416","2021-02-12T18:56:44.337Z","style-abby","feminine","1910s greecian gown"
"5306553966","1910s Draped Emerald Evening Gown w Gloves [W] [T]","top","11","10","10","4339251543177877","a95ed9a1-3de0-48b3-b100-be9880b5aa10","3211189","Style Abby","https://www.roblox.com/catalog/5306553966","2020-07-07T17:44:22.257Z","style-abby","feminine","1910s draped emerald evening gown w gloves"
"1588838416","1960s Midnight Swirl Cut Gown W Gloves [T]","top","11","10","10","150560264063718","1de10042-eef4-4cf6-9889-9ff9974aabbc","3211189","Style Abby","https://www.roblox.com/catalog/1588838416","2018-04-07T04:15:13.443Z","style-abby","feminine","1960s midnight swirl cut gown w gloves"
"1588838774","1960s Midnight Swirl Cut Gown WO Gloves [T]","top","11","10","10","8235861263970261","6774680d-09aa-4a6d-aaf3-9b0d651cda4b","3211189","Style Abby","https://www.roblox.com/catalog/1588838774","2018-04-07T04:15:21.837Z","style-abby","feminine","1960s midnight swirl cut gown wo gloves"
"5234278600","1910s Golden Rose Evening Gown w/ Gloves [W] [T]","top","11","10","10","6431820729697243","32f22224-d749-40fe-a386-c60c21764afe","3211189","Style Abby","https://www.roblox.com/catalog/5234278600","2020-06-25T19:29:39.973Z","style-abby","feminine","1910s golden rose evening gown w gloves"
"13705165768","[𝓛] ""Female Hawaiian"" | +","top","11","5","5","2949200083483070","e35dc87c-4090-4fee-b992-83acd1aa6fd0","8638017","Avrenzi","https://www.roblox.com/catalog/13705165768","2023-06-10T03:25:29.087Z","avrenzi","feminine","female hawaiian"
"110590188006312","Skirt","top","11","5","5","5367936917884974","055483f7-5133-4919-be0d-8043431dce0d","8638017","Avrenzi","https://www.roblox.com/catalog/110590188006312","2025-03-27T17:35:11.623Z","avrenzi","feminine",""
"225503630","Kestrel, Grey Female Business Suit, Top","top","11","1","1","3777208711911471","edcccd53-db98-459e-9c53-a4cfeff35879","851558","Kestrel","https://www.roblox.com/catalog/225503630","2015-03-11T14:47:13.763Z","kestrel","feminine","kestrel grey female business suit"
"209285819","Kestrel Blue Female Formal Vest, Top","top","11","1","1","8252963544306730","2307ee42-419c-4040-bbaa-eb913a3348dd","851558","Kestrel","https://www.roblox.com/catalog/209285819","2015-01-28T21:15:40.653Z","kestrel","feminine","kestrel blue female formal"
"150402439","Kestrel - Cutout Black & White Striped Blouse","top","11","1","1","8542126535855353","0282950e-c11d-4449-acaf-2a3ea25fed6e","851558","Kestrel","https://www.roblox.com/catalog/150402439","2014-03-21T05:29:36.197Z","kestrel","feminine","kestrel cutout black white striped blouse"
"126547127","Kestrel- Sapphire Blue Chiffon Blouse","top","11","1","1","4437013111921428","7cee8e3c-8546-48ca-baa2-4a66b0ae5808","851558","Kestrel","https://www.roblox.com/catalog/126547127","2013-08-15T10:25:21.893Z","kestrel","feminine","kestrel sapphire blue chiffon blouse"
"156880314","Kestrel - Woman's Suit - Navy Blue & White","top","11","1","1","4027864547816811","36f9be86-d5df-47d3-8747-bb6bc911cd0e","851558","Kestrel","https://www.roblox.com/catalog/156880314","2014-05-12T03:16:43.943Z","kestrel","feminine","kestrel woman s suit navy blue white"
"187746155","Kestrel - Grey Female Suit, Upper","top","11","1","1","5107424315062927","8ddb6ce9-d588-4d4b-8792-9c2ff030586e","851558","Kestrel","https://www.roblox.com/catalog/187746155","2014-11-20T03:46:38.717Z","kestrel","feminine","kestrel grey female suit"
"197374795","Kestrel - Girls Just Wanna Have Fun(ds)","top","11","1","1","6225700744156409","9a02c3dc-ff23-49e0-a27e-eb7d3140a71c","851558","Kestrel","https://www.roblox.com/catalog/197374795","2014-12-27T23:47:24.753Z","kestrel","feminine","kestrel girls just wanna have fun"
"125404126","KESTREL - Girls' Galaxy Tank","top","11","1","1","4422606284095307","b0c2ec52-8e1a-4340-ad55-04f4aafb4bb3","851558","Kestrel","https://www.roblox.com/catalog/125404126","2013-08-06T00:16:06.49Z","kestrel","feminine","kestrel girls galaxy tank"
"209285832","Kestrel Green Female Formal Vest, Top","top","11","1","1","8867224883913778","536c5760-76b7-492e-9b5b-acb54b41eea9","851558","Kestrel","https://www.roblox.com/catalog/209285832","2015-01-28T21:15:44.397Z","kestrel","feminine","kestrel green female formal"
"209285894","Kestrel Red Female Formal Vest, Top","top","11","1","1","8037949964825658","4c6cc94a-5e0e-4c44-a7ab-20338086c33e","851558","Kestrel","https://www.roblox.com/catalog/209285894","2015-01-28T21:16:01.683Z","kestrel","feminine","kestrel red female formal"
"127988681","Kestrel - Female Suit","top","11","1","1","2128733084336385","f04577bc-64c8-4079-adbc-4459fefeb430","851558","Kestrel","https://www.roblox.com/catalog/127988681","2013-08-28T02:41:18.767Z","kestrel","feminine","kestrel female suit"
"225503619","Kestrel, Blue Female Business Suit, Top","top","11","1","1","8893199083227240","83b8bdef-33c2-495a-9d10-a8e13c7d21f9","851558","Kestrel","https://www.roblox.com/catalog/225503619","2015-03-11T14:47:03.39Z","kestrel","feminine","kestrel blue female business suit"
"142835003","Kestrel ® Female Barista Uniform","top","11","1","1","1561414604423087","31f0d527-4a49-4a80-88fa-9393be9f1494","851558","Kestrel","https://www.roblox.com/catalog/142835003","2014-01-20T07:07:26.92Z","kestrel","feminine","kestrel female barista uniform"
"157667226","Women's suit - Black","top","11","1","1","3271725762928174","fee3e402-b7ef-4603-97a0-e803f2c8252c","851558","Kestrel","https://www.roblox.com/catalog/157667226","2014-05-18T20:58:53.9Z","kestrel","feminine","women s suit black"
"157667449","Women's suit - Pink","top","11","1","1","7579180378971355","abd3eafd-52ca-4abd-94a5-2737b0c8984f","851558","Kestrel","https://www.roblox.com/catalog/157667449","2014-05-18T21:00:17.95Z","kestrel","feminine","women s suit pink"
"222842560","Kestrel - B&W Plaid Women's Suit Top","top","11","1","1","2590526966589949","326c8895-6ed5-4e57-9bfa-0f6765d757cc","851558","Kestrel","https://www.roblox.com/catalog/222842560","2015-03-03T23:10:47.29Z","kestrel","feminine","kestrel b w plaid women s suit"
"200007404","Kestrel - Denim Jacket (dresses)","top","11","1","1","5624707741549535","38428a8a-cf12-4eb3-98fe-bb10f7f29a98","851558","Kestrel","https://www.roblox.com/catalog/200007404","2015-01-03T13:03:04.593Z","kestrel","feminine","kestrel denim"
"190846462","Blox Channel Magazine ® Tank Top with Blouse","top","11","1","1","7454227357010693","3107c329-61bf-4db1-b646-5074b73924db","515698","Blox Channel","https://www.roblox.com/catalog/190846462","2014-12-09T18:52:06.74Z","blox-channel","feminine","blox channel magazine tank with blouse"
"472866861","Off The Shoulder Flannel For Girls","top","11","10","10","7118386907728019","9319ca18-58fb-4f13-a635-f72feea6516d","515698","Blox Channel","https://www.roblox.com/catalog/472866861","2016-08-05T10:28:02.643Z","blox-channel","feminine","off the shoulder flannel for girls"
"642959787","Blox Channel Women's Sweater Purple","top","11","7","7","3495195410904950","f183f9ab-753b-4fe5-aa71-bcec2d196155","515698","Blox Channel","https://www.roblox.com/catalog/642959787","2017-02-05T21:56:03.94Z","blox-channel","feminine","blox channel women s purple"
"360056909","[CB®] Ladies Dress Gloves","top","11","10","10","5073221259543137","3419e37d-34cf-4697-9172-c553cc49afba","2617916","Casablanca","https://www.roblox.com/catalog/360056909","2016-02-07T04:57:57.177Z","casablanca","feminine","ladies dress gloves"
"109703939524743","[ Kamuro ] + v2 Saori's Open Black Skirt Suit","top","11","5","5","5020262560781074","c17bfee8-b7db-4040-8e9f-aa26d89c67bf","16736549","Kamuro Formalwear","https://www.roblox.com/catalog/109703939524743","2025-08-09T08:50:59.653Z","kamuro-formalwear","feminine","v2 saori s open black suit"
"133810536247380","[ Kamuro ] + v1 Reina's Open Yakuza 0 Skirt Suit","top","11","5","5","769881375895433","dc502001-dd1f-44dd-893c-056f106fcf50","16736549","Kamuro Formalwear","https://www.roblox.com/catalog/133810536247380","2025-02-16T10:20:25.88Z","kamuro-formalwear","feminine","v1 reina s open yakuza 0 suit"
"72242147811877","[ Kamuro ] + v1 Women's Blue & White Dress Shirt","top","11","5","5","5887748441506780","c080cab6-811b-4c17-8cc0-368fc3170619","16736549","Kamuro Formalwear","https://www.roblox.com/catalog/72242147811877","2025-02-14T03:32:29.467Z","kamuro-formalwear","feminine","v1 women s blue white dress"
"131655160907994","[ Kamuro ] + v2 Saori's Closed Black Skirt Suit","top","11","5","5","1166556631952822","5cba58e5-7a22-4640-aa59-8a5af6250b2a","16736549","Kamuro Formalwear","https://www.roblox.com/catalog/131655160907994","2025-08-09T08:53:08.76Z","kamuro-formalwear","feminine","v2 saori s closed black suit"
"122552158616076","[ Kamuro ] + Saeko Mukoda's White Skirt Suit","top","11","5","5","8783426882519506","41a2c27a-d7a7-42fd-9129-84a722282fa4","16736549","Kamuro Formalwear","https://www.roblox.com/catalog/122552158616076","2025-02-17T00:15:06.99Z","kamuro-formalwear","feminine","saeko mukoda s white suit"
"121533891456412","[ Kamuro ] + v2 Women's White Dress Shirt","top","11","5","5","5601500560823273","ae2cf7c9-f3a9-4c9b-ac08-335e863785e5","16736549","Kamuro Formalwear","https://www.roblox.com/catalog/121533891456412","2025-02-14T03:31:44.92Z","kamuro-formalwear","feminine","v2 women s white dress"
"14909756484","[ Kamuro ] + v2 Women's Closed Formal Black Suit","top","11","5","5","3078807154628484","3b8ec584-9e3e-4cf2-a8b0-aa22b46a3397","16736549","Kamuro Formalwear","https://www.roblox.com/catalog/14909756484","2023-09-29T01:18:16.48Z","kamuro-formalwear","feminine","v2 women s closed formal black suit"
"103269098194027","[ Kamuro ] + Women's Black Knitted Sweater ","top","11","5","5","6646211664722012","55db8d91-a698-42eb-bbd1-d68e895e721f","16736549","Kamuro Formalwear","https://www.roblox.com/catalog/103269098194027","2025-02-14T03:18:03.387Z","kamuro-formalwear","feminine","women s black knitted"
"98781552133305","[ Kamuro ] + Elegant Black Party Gown","top","11","5","5","364868818826348","70d1368f-b2ff-482a-85a5-d1a88a12e770","16736549","Kamuro Formalwear","https://www.roblox.com/catalog/98781552133305","2025-11-08T21:55:48.1Z","kamuro-formalwear","feminine","elegant black party gown"
"13684172279","[ SO ] + v1 Women's Navy Suit","top","11","5","5","3207175929462373","b2ae734f-fe9f-406f-a433-05de2ad7fd53","16736549","Kamuro Formalwear","https://www.roblox.com/catalog/13684172279","2023-06-07T22:32:25.037Z","kamuro-formalwear","feminine","v1 women s navy suit"
"106707765889194","[ Kamuro ] + v2 Women's Blue & White Dress Shirt","top","11","5","5","7188115521911865","5f5896da-20a1-42e0-bfc4-be49bf8b845b","16736549","Kamuro Formalwear","https://www.roblox.com/catalog/106707765889194","2025-02-14T03:32:45.447Z","kamuro-formalwear","feminine","v2 women s blue white dress"
"103076667419074","[ Kamuro ] + v1 Women's Black DB Trenchcoat Suit","top","11","5","5","8467967566117952","b21370c9-4da8-41ca-b85c-8b7fc11312d9","16736549","Kamuro Formalwear","https://www.roblox.com/catalog/103076667419074","2025-02-14T04:04:19.86Z","kamuro-formalwear","feminine","v1 women s black db trenchcoat suit"
"131470012964579","[ Kamuro ] + v1 Saori's Open Black Skirt Suit","top","11","5","5","3304834571573720","4748f139-8559-4907-a015-a95baa17fdfa","16736549","Kamuro Formalwear","https://www.roblox.com/catalog/131470012964579","2025-08-09T08:50:43.52Z","kamuro-formalwear","feminine","v1 saori s open black suit"
"101219172095606","[ Kamuro ] + Women's Brown Knitted Sweater ","top","11","5","5","2403037547147583","f6fc9c24-4fc1-4009-8598-e22a231f15fe","16736549","Kamuro Formalwear","https://www.roblox.com/catalog/101219172095606","2025-02-14T03:18:22.047Z","kamuro-formalwear","feminine","women s brown knitted"
"14909741212","[ Kamuro ] + v1 Women's Closed Formal Black Suit","top","11","5","5","1834939440100511","7427ebad-a257-45c5-9667-6998e84eec5e","16736549","Kamuro Formalwear","https://www.roblox.com/catalog/14909741212","2023-09-29T01:15:46.063Z","kamuro-formalwear","feminine","v1 women s closed formal black suit"
"71123121644957","[ Kamuro ] + Saeko Mukoda's Grey Tweed Skirt Suit","top","11","5","5","247214118216868","abdc1d1e-950d-497f-9a6c-0ff3bfbef7cb","16736549","Kamuro Formalwear","https://www.roblox.com/catalog/71123121644957","2025-02-17T00:28:06.273Z","kamuro-formalwear","feminine","saeko mukoda s grey tweed suit"
"13684020577","[ SO ] + v2 Women's Cream Suit","top","11","5","5","7067625555857172","9ef8b591-03e8-4490-b71d-ff29ae1e547a","16736549","Kamuro Formalwear","https://www.roblox.com/catalog/13684020577","2023-06-07T22:09:09.627Z","kamuro-formalwear","feminine","v2 women s cream suit"
"16707744232","[ Kamuro ] + v2 Women's Closed Crimson Skirt Suit","top","11","5","5","5986106343282793","6bd9de4c-62c4-4eb9-835d-d0722e57d1f4","16736549","Kamuro Formalwear","https://www.roblox.com/catalog/16707744232","2024-03-11T01:17:51.067Z","kamuro-formalwear","feminine","v2 women s closed crimson suit"
"129850361416033","[ Kamuro ] + v1 Reina's Closed Yakuza 0 Skirt Suit","top","11","5","5","8747655644407429","ec795e15-2a59-4e56-85ef-b74b41c8e7cd","16736549","Kamuro Formalwear","https://www.roblox.com/catalog/129850361416033","2025-02-16T10:38:41.057Z","kamuro-formalwear","feminine","v1 reina s closed yakuza 0 suit"
"125011918767171","[ Kamuro ] + v1 Women's Navy DB Trenchcoat Suit","top","11","5","5","3109281134480720","3f1ff692-9a12-40ad-825a-57e23554d422","16736549","Kamuro Formalwear","https://www.roblox.com/catalog/125011918767171","2025-02-14T04:01:56.877Z","kamuro-formalwear","feminine","v1 women s navy db trenchcoat suit"
"14909703559","[ Kamuro ] + v1 Women's Open Formal Black Suit","top","11","5","5","2919985542049962","c2bae983-b7a2-484c-bbf6-9572e2d8617e","16736549","Kamuro Formalwear","https://www.roblox.com/catalog/14909703559","2023-09-29T01:09:35.9Z","kamuro-formalwear","feminine","v1 women s open formal black suit"
"78765041426133","[ Kamuro ] + v1 Women's White Dress Shirt","top","11","5","5","2227166533067838","c7265c41-003e-403d-ad95-25ea1107d2bd","16736549","Kamuro Formalwear","https://www.roblox.com/catalog/78765041426133","2025-02-14T03:31:27.373Z","kamuro-formalwear","feminine","v1 women s white dress"
"102463462534006","[ Kamuro ] + v2 Reina's Open Yakuza 0 Skirt Suit","top","11","5","5","6642250390513567","b57b0cfd-306a-4f9e-958f-4496b0fa0999","16736549","Kamuro Formalwear","https://www.roblox.com/catalog/102463462534006","2025-02-16T10:20:40.57Z","kamuro-formalwear","feminine","v2 reina s open yakuza 0 suit"
"80236829086387","[ Kamuro ] + v1 Saori's Closed Black Skirt Suit","top","11","5","5","1418992432320165","0da38777-c2f8-4bff-8e57-2cb2011b0a5f","16736549","Kamuro Formalwear","https://www.roblox.com/catalog/80236829086387","2025-08-09T08:52:48.867Z","kamuro-formalwear","feminine","v1 saori s closed black suit"
"117128635983638","[ Kamuro ] + Women's Beige Knitted Sweater ","top","11","5","5","5050322956649122","55153e7d-37d0-48a7-94a8-1cc1433432a6","16736549","Kamuro Formalwear","https://www.roblox.com/catalog/117128635983638","2025-02-14T03:18:51.96Z","kamuro-formalwear","feminine","women s beige knitted"
"16707738173","[ Kamuro ] + v1 Women's Closed Crimson Skirt Suit","top","11","5","5","4564216338945734","601c46a6-a325-42b9-93aa-1d629d5aab9e","16736549","Kamuro Formalwear","https://www.roblox.com/catalog/16707738173","2024-03-11T01:17:01.727Z","kamuro-formalwear","feminine","v1 women s closed crimson suit"
"93216923181333","[ Kamuro ] + Women's Pink Knitted Sweater ","top","11","5","5","2575152015486145","7c8a2f26-7234-45b1-8933-fb1be61e8d06","16736549","Kamuro Formalwear","https://www.roblox.com/catalog/93216923181333","2025-02-14T03:19:08.047Z","kamuro-formalwear","feminine","women s pink knitted"
"126029386433744","[ Kamuro ] + Yumi's Pink Turtleneck Blouse","top","11","5","5","6905719093505456","c3438fc6-37c7-4d63-9869-7fc214807b5b","16736549","Kamuro Formalwear","https://www.roblox.com/catalog/126029386433744","2024-11-02T17:27:43.53Z","kamuro-formalwear","feminine","yumi s pink turtleneck blouse"
"138676781964553","[ Kamuro ] + Women's White Plaid Blazer","top","11","5","5","3700576379764165","929d65b9-3a4c-41cd-acd1-e3fe9e2944fb","16736549","Kamuro Formalwear","https://www.roblox.com/catalog/138676781964553","2025-02-14T03:35:33.297Z","kamuro-formalwear","feminine","women s white plaid"
"80373009704569","[ Kamuro ] + Women's Grey Plaid Blazer","top","11","5","5","4121039098953441","5c27d532-906d-4070-b290-6c99962c66ee","16736549","Kamuro Formalwear","https://www.roblox.com/catalog/80373009704569","2025-02-14T03:35:17.727Z","kamuro-formalwear","feminine","women s grey plaid"
"14909671446","[ Kamuro ] + v2 Women's Open Formal Black Suit","top","11","5","5","5977070296555725","d5c46e92-f3ae-4203-a3bb-65ee047dcc3f","16736549","Kamuro Formalwear","https://www.roblox.com/catalog/14909671446","2023-09-29T01:04:14.98Z","kamuro-formalwear","feminine","v2 women s open formal black suit"
"127124948058979","[ Kamuro ] + Women's Indigo Plaid Blazer","top","11","5","5","1077929056612959","e239b383-f1d6-4e42-a936-2c6da5b2aa19","16736549","Kamuro Formalwear","https://www.roblox.com/catalog/127124948058979","2025-02-14T03:37:16.663Z","kamuro-formalwear","feminine","women s indigo plaid"
"99632540559758","[ Kamuro ] + Women's Navy Knitted Sweater ","top","11","5","5","240825923332861","84cdd189-a103-4210-b3b0-af73272ef87a","16736549","Kamuro Formalwear","https://www.roblox.com/catalog/99632540559758","2025-02-14T03:17:44.733Z","kamuro-formalwear","feminine","women s navy knitted"
"110778148683748","[ Kamuro ] + Women's Red Plaid Blazer","top","11","5","5","7415855542338760","c06aad15-f41f-490b-9ac2-d5e9a4f52f09","16736549","Kamuro Formalwear","https://www.roblox.com/catalog/110778148683748","2025-02-14T03:36:51.623Z","kamuro-formalwear","feminine","women s red plaid"
"103986644992902","[ Kamuro ] + v2 Women's Black DB Trenchcoat Suit","top","11","5","5","1176938682988069","fae68603-dab0-44a5-b3b1-9e9bc13d4d9e","16736549","Kamuro Formalwear","https://www.roblox.com/catalog/103986644992902","2025-02-14T04:04:34.377Z","kamuro-formalwear","feminine","v2 women s black db trenchcoat suit"
"10246993987","[+] 1949 Secretary Lady Suit Jacket","top","11","5","5","8856853057339778","2572dda0-326f-4be1-96e4-698730ed98c3","8431614","Infamous Outfitters","https://www.roblox.com/catalog/10246993987","2022-07-16T15:43:00.927Z","infamous-outfitters","feminine","1949 secretary lady suit"
"11522862936","[+] 1940 Brown Formal Mafia Woman's Jacket","top","11","5","5","7806057341367193","621e23e6-ce3e-4d74-9a53-117e2c797b9c","8431614","Infamous Outfitters","https://www.roblox.com/catalog/11522862936","2022-11-10T21:29:26.953Z","infamous-outfitters","feminine","1940 brown formal mafia woman s"
"15714284875","[Underlinen] White Athletic Women's Top","top","11","5","5","5114353529900144","ba216283-6b55-4aa6-911a-f8e48650aa29","8431614","Infamous Outfitters","https://www.roblox.com/catalog/15714284875","2023-12-22T18:19:30.04Z","infamous-outfitters","feminine","white athletic women s"
"10021595102","[+] Chicago 1949 Elegant Mafia Chemise","top","11","5","5","3758676545764958","86df6808-16c0-48e4-b797-242e821b2cb7","8431614","Infamous Outfitters","https://www.roblox.com/catalog/10021595102","2022-06-25T14:29:50.59Z","infamous-outfitters","feminine","chicago 1949 elegant mafia chemise"
"11260693353","[W] Women's White Camp Shirt","top","11","10","10","834498152616364","4942d087-cf32-4af6-853e-74e882ee49f3","14954920","Schneider Co.","https://www.roblox.com/catalog/11260693353","2022-10-13T15:21:02.52Z","schneider-co","feminine","women s white camp"
"13513414759","Women's Sage Green Fur Collar Overcoat [+]","top","11","10","10","6334770575633919","8d971cf0-773a-4cfa-b97f-4c7568b53080","14954920","Schneider Co.","https://www.roblox.com/catalog/13513414759","2023-05-21T20:30:42.047Z","schneider-co","feminine","women s sage green fur collar overcoat"
"90298609539265","Women's Zebra-Print Top","top","11","7","7","8725633127167115","745c9ff5-2556-429b-b990-caf425c1a283","14954920","Schneider Co.","https://www.roblox.com/catalog/90298609539265","2024-08-21T10:41:52.267Z","schneider-co","feminine","women s zebra print"
"14649688278","Women's Black Retro-Patterned 50's Jacket","top","11","10","10","4521473324140969","60dcff8d-d306-48ba-8263-428024ad3a64","14954920","Schneider Co.","https://www.roblox.com/catalog/14649688278","2023-09-01T21:37:47.547Z","schneider-co","feminine","women s black retro patterned 50 s"
"11260689967","[W] Women's Deep Red Camp Shirt","top","11","10","10","5153980057993164","28fdc844-409e-42d8-9eae-a3e7cfba8b74","14954920","Schneider Co.","https://www.roblox.com/catalog/11260689967","2022-10-13T15:20:39.517Z","schneider-co","feminine","women s deep red camp"
"11256784428","[W] Women's Light Grey Turtleneck Sweater ","top","11","10","10","5813492924212854","ef67e8ef-9bbe-4a06-a8c1-00b2979ee74d","14954920","Schneider Co.","https://www.roblox.com/catalog/11256784428","2022-10-13T00:47:14.617Z","schneider-co","feminine","women s light grey turtleneck"
"14607766541","Women's White Half-Tucked Blouse Shirt","top","11","7","7","3723012494912541","9e8fedb2-598b-48ab-8459-4e0cb2e1d008","14954920","Schneider Co.","https://www.roblox.com/catalog/14607766541","2023-08-28T23:39:02.9Z","schneider-co","feminine","women s white half tucked blouse"
"9790566967","Women's Beige Trenchcoat +","top","11","7","7","6494619560426562","022f360a-7605-4671-85e6-c81181a337d0","14954920","Schneider Co.","https://www.roblox.com/catalog/9790566967","2022-06-01T15:50:22.533Z","schneider-co","feminine","women s beige trenchcoat"
"11256804879","[W] Women's Brown Turtleneck Sweater","top","11","10","10","1105242550348022","830b03bd-870d-4e43-82a3-b642cbf322ba","14954920","Schneider Co.","https://www.roblox.com/catalog/11256804879","2022-10-13T00:51:11.607Z","schneider-co","feminine","women s brown turtleneck"
"13996895105","Women's Salmon Pink Suede Cropped Jacket","top","11","10","10","8852177695251864","e2a2aeef-2d77-4424-86b0-5ebbd7520267","14954920","Schneider Co.","https://www.roblox.com/catalog/13996895105","2023-07-08T14:29:44.41Z","schneider-co","feminine","women s salmon pink suede cropped"
"107572691510612","Women's Black Blazer & White Shirt","top","11","7","7","5089515329153366","7f448389-999e-407b-85a2-c700492c41d3","14954920","Schneider Co.","https://www.roblox.com/catalog/107572691510612","2024-08-21T10:25:21.21Z","schneider-co","feminine","women s black white"
"133084580664428","Women's Grey Blazer","top","11","7","7","6414968630404594","5f8c8ded-f042-4ce4-b616-eb3c6c5b87f6","14954920","Schneider Co.","https://www.roblox.com/catalog/133084580664428","2024-08-21T10:43:55.173Z","schneider-co","feminine","women s grey"
"11581568909","[W] Women’s Off Shoulder Grey Turtleneck Sweater","top","11","10","10","1664991142875307","5f76834f-3dc0-4520-b79c-56114a340cd9","14954920","Schneider Co.","https://www.roblox.com/catalog/11581568909","2022-11-16T19:20:52.68Z","schneider-co","feminine","women s off shoulder grey turtleneck"
"136533317689027","Women's Grey Blazer W/ White Dress Shirt","top","11","7","7","7107915693602141","ee977dc2-2ade-4d8c-99a3-796525811735","14954920","Schneider Co.","https://www.roblox.com/catalog/136533317689027","2024-08-21T19:09:39.887Z","schneider-co","feminine","women s grey w white dress"
"11260709342","[W] Women's Blue Camp Shirt","top","11","10","10","1962632219949954","27146c44-f743-4dc5-a25e-812d36149139","14954920","Schneider Co.","https://www.roblox.com/catalog/11260709342","2022-10-13T15:22:54.087Z","schneider-co","feminine","women s blue camp"
"11260668572","[W] Women's Black Camp Shirt","top","11","10","10","6151247557221950","9acffb68-37f3-4213-ba3e-074239348862","14954920","Schneider Co.","https://www.roblox.com/catalog/11260668572","2022-10-13T15:18:12.843Z","schneider-co","feminine","women s black camp"
"13996910144","Women's Navy Blue Suede Cropped Jacket","top","11","10","10","5966731888570457","eeac93d1-ea58-4060-a453-bdd1c7ab46bd","14954920","Schneider Co.","https://www.roblox.com/catalog/13996910144","2023-07-08T14:31:31.767Z","schneider-co","feminine","women s navy blue suede cropped"
"13996905133","Women's Black Suede Cropped Jacket","top","11","10","10","5673504354560542","590ec4bf-8f0f-44f3-8a9a-ee925c63e330","14954920","Schneider Co.","https://www.roblox.com/catalog/13996905133","2023-07-08T14:30:58.037Z","schneider-co","feminine","women s black suede cropped"
"14649707922","Women's Grey Plaid 50's Jacket","top","11","5","5","80797433257723","95fc2006-dd5a-40df-99eb-209e883c810f","14954920","Schneider Co.","https://www.roblox.com/catalog/14649707922","2023-09-01T21:40:06.327Z","schneider-co","feminine","women s grey plaid 50 s"
"14649691510","Women's Royal Red 50's Jacket","top","11","10","10","8341663684416174","00da7552-3cb9-42c4-84f6-ae0ae8b6e7bd","14954920","Schneider Co.","https://www.roblox.com/catalog/14649691510","2023-09-01T21:38:10.703Z","schneider-co","feminine","women s royal red 50 s"
"11581475413","[W] Women’s Off Shoulder Black Turtleneck Sweater","top","11","5","5","1504408474174899","239ca71a-5ea7-4b24-9809-0b6b9d54ebb8","14954920","Schneider Co.","https://www.roblox.com/catalog/11581475413","2022-11-16T19:11:17.503Z","schneider-co","feminine","women s off shoulder black turtleneck"
"11586983743","[W] Women’s Cream Trench Coat +","top","11","10","10","4880574423720382","c879ccf9-4249-4be9-a85c-7951f576fb16","14954920","Schneider Co.","https://www.roblox.com/catalog/11586983743","2022-11-17T13:38:34.357Z","schneider-co","feminine","women s cream trench"
"11586985812","[W] Women’s Cream Trench Coat +","top","11","10","10","3528762594837610","565fdf20-07ef-47a4-97b8-02865df6ed3b","14954920","Schneider Co.","https://www.roblox.com/catalog/11586985812","2022-11-17T13:38:53.59Z","schneider-co","feminine","women s cream trench"
"11581572655","[W] Women’s Off Shoulder White Turtleneck Sweater","top","11","10","10","8584173687436219","9d34a2b7-28dc-4558-8079-b15794343663","14954920","Schneider Co.","https://www.roblox.com/catalog/11581572655","2022-11-16T19:21:14.72Z","schneider-co","feminine","women s off shoulder white turtleneck"
"123575080178656","Women's Closed Black Trench Coat [+]","top","11","7","7","4785759718103377","e02e98d6-fee1-4300-8cf9-6c0c543bf973","14954920","Schneider Co.","https://www.roblox.com/catalog/123575080178656","2024-08-21T10:40:34.017Z","schneider-co","feminine","women s closed black trench"
"11581655390","[W] Women’s White Dress Shirt W/ Black Wool Tie","top","11","10","10","3858048484317953","093bc24f-fb62-4972-a9da-45ac9d358c3e","14954920","Schneider Co.","https://www.roblox.com/catalog/11581655390","2022-11-16T19:29:36.927Z","schneider-co","feminine","women s white dress w black wool tie"
"13997092063","Women's White Lace Elbow Gloves","top","11","5","5","32395546448607","5a7dc2da-e597-41a7-b2ab-fa7660b9edab","14954920","Schneider Co.","https://www.roblox.com/catalog/13997092063","2023-07-08T14:52:11.7Z","schneider-co","feminine","women s white lace elbow gloves"
